Title,Parent Category,Overview,Arts,Class Skills,Hero Exclusive Arts,ID,URL
Flash Fencer,Class (Weapon),Flash Fencer is the class of [[Ethel]] and the first [[Hero]] class unlocked. It focuses on pressuring foes with a dual sword style and felling them in short bursts. ,"{'Cross Impact': 'Power Charge on hit (Rank 10 Master Art)', 'Null Slash': 'AOE/Side Crit. Rate+', 'Hidden Thorn': 'Bleed |Bleed (Rank 1 Master Art)', 'Revolution Edge': 'Back Attack Up', 'Acceleration': 'Auto-Atk spd. up/dmg up'}","{'First Move Wins': 'Boosts damage dealt by 30% for the first 30 seconds of battle.', 'Capable Hands': 'Fills Talent Art recharge gauge by 60-100% at start of battle. (Rank 15 Master Skill)', 'Critical Strike': 'Increases critical hit damage bonus by 30-50 percentage points. (Rank 5 Master Skill)', 'Fighting Instinct': 'Boosts damage dealt by 25-50% when using a Talent Art (up to a maximum of 200%).'}","{'Swallowtail': 'Back Attack ↑', 'Silver Cyclone': 'Side Crit. Rate+', 'Million Flash': 'Bleed', 'Vengeance:': 'Evade / Front atk ↑', 'Showdown': 'AOE/High acc./ Eva. Down', 'Executioner': 'AOE / Back attack ↑'}",118554,https://xenoblade.fandom.com/wiki/?curid=118554
Full Metal Jaguar (XC3),Class (Weapon),"Full Metal Jaguars specialize in attacking enemies in a wide area with twin guns. Consecutive hits deal increasing damage, however, a missed attack will reset the bonus so a high accuracy is needed to use the class effectively. It is Gray's class.

It is unlocked by completing the Hero Quest A Gray Matter. The Class Rank maximum can be increased to 20 by completing the Ascension Quest Payback for Treason.","{'Violent Streak': 'AOE/Evade/Pierce', 'Demolition': 'AOE/Pierce(%) (Rank 1 Master Art)', 'Dead Set': 'Removes aggro', 'Quickdraw': 'Evade / Front atk ↑ (Rank 10 Master Art)', 'Fatal Barrage': 'AOE / Back attack ↑', 'Superstorm': 'High acc. / Eva. down'}","{'Bullet Symphony': 'Each attack that hits boosts damage dealt by 10-20% (max. 255%). Missing cancels the boost.', 'Shock Shot': 'Boosts damage against enemies performing Arts by 60-100%. (Rank 15 Master Skill)', 'Sixth Sense': 'Boosts accuracy against enemies performing Arts by 60-100%.', 'Positioning Pro': 'Increases the no. of positional arts that can be set to the Arts Palette by 1. (Rank 5 Master Skill)'}",N/A,117432,https://xenoblade.fandom.com/wiki/?curid=117432
Grand Marshal,Class (Weapon),"Grand Marshal is [[Shulk]]'s class. As a Grand Marshal, Shulk wields his [[Monado Replica EX+|Monado REX+]] from {{XCFC}} as his [[Blade (XC3)|Blade]].

After completing the [[Challenge Battle Mode|Challenge Battle]] ''[[The Two Saviors]]'', Shulk can use the class in the main game as a [[Hero]], but the class cannot be used by anyone else.","{'Monado Buster': 'AOE/Awakening |Awakened+/Pierce', 'Stream Edge': 'Break |Break', 'Heavy Rush': 'Awakened Boost', 'Slit Edge': 'AOE/Bleed |Bleed', 'Monado Rage': 'Target Lock', 'Monado Armor': 'Field/Armor Veil', 'Monado Purge': 'AOE/Aggroed+'}","{'Right Back At You': 'When nearby ally is attacked, deal 100-200% of attack in damage to enemy.', 'Natural Born Warrior': 'Grants a small-large increase to damage dealt the more enemies target you (up to a maximum of 300%).', 'Sword of Reprisal': 'Deals 150-300% of Attack damage when you evade an attack.', 'Mechanical Rhythm': '5-15% chance for own attack to become a guaranteed hit and to evade enemy attacks during it.', ""Gentleman's Valor"": 'Grants Awakening when damage taken exceeds 40-20% of max HP. When using Shulk as a Hero in {{XC3|-}}, this skill replaces Sword of Reprisal. {{clr}}'}",N/A,126342,https://xenoblade.fandom.com/wiki/?curid=126342
Guardian Commander,Class (Weapon)," 
Guardian Commanders specialize in protecting their allies. They fight with the [[Blade (XC3)|Gutsy Gladius]], a sword and shield. Their abilities are enhanced by adversity, making them reliable companions to stand up to strongest [[Enemy (XC3)|enemies]]. Guardian Commander is the Class of [[Zeon]]. 

It is unlocked after the [[Hero Quest]] ''[[Where The Heart Is]]'', and is upgraded with ''[[Reasons to Evolve]]''.","{'Deflector Field': 'Absorb damage/Awakening |Awaken', 'Imperial Sword |Imperial Sword': 'Awakened Boost', 'Shield Bash |Shield Bash': 'Topple |Topple (Rank 10 Master Art)', 'Falcon Swoop': 'AOE / Awakened Boost', 'Noble Taunt': 'Taunt (Rank 1 Master Art)', 'Grand Protection': 'Block Rate+/Atk Down'}","{'Mind for Guarding': 'Increase damage reduction rate when blocking by 10-20 percentage points. (Rank 15 Master Skill)', ""I'll Help"": 'Take attacks for nearby allies with low HP. Damage taken is reduced by 15-20%.', ""Soldier's Potential"": 'When HP is at 30% or lower, restore 0.6-1.4% HP each second.', ""Protector's Pride"": 'Boost recharge speed by 30-50% when non-Defenders are targeted. (Rank 5 Master Skill)'}","{'Proud Edge': 'AOE / Awakened Boost', 'Celestial Strike': 'Knockback/Awakened+', 'Victory Shift': 'Block Rate+/Atk Down'}",117341,https://xenoblade.fandom.com/wiki/?curid=117341
Heavy Guard,Class (Weapon)," 
Heavy Guards specializes in [[Battle Arts (XC3)|arts]] that attract [[Enemy (XC3)|enemies]] while protecting allies with a huge shield-like weapon. With many means of attracting enemies, it is a powerful shield for the party. The [[Battle Arts (XC3)|Talent Art]] of the Heavy Guard is [[Mad Taunt (XC3)|Mad Taunt]]. It is the initial class of [[Lanz]].
{{clr}}","{'Mad Taunt': 'AOE / Taunt', 'Bull Rush': 'Topple |Topple', 'Variable Turret': 'Block attacks', 'Crash Out': 'AOE / High aggro (Rank 1 Master Art)', 'Uppercut Slash': 'High aggro', 'Solid Stance': 'Def. up / Atk down (Rank 10 Master Art)'}","{'Defensive Soul': 'Boosts Physical Defense by 10-20%. (Rank 5 Master Skill)', ""I'll Protect You"": 'Reduces damage taken by allies in a fixed radius by 20-30%.', 'Tenacious Blocker': 'Boosts Block Rate by 30-50% when HP is at 30% or lower. (Rank 15 Master Skill)', 'Aggravator': 'Accrues Aggro every second.'}",N/A,117283,https://xenoblade.fandom.com/wiki/?curid=117283
Incursor,Class (Weapon)," 
Incursors have a higher critical hit rate to deal more damage, and with each critical hit their attack power rises higher. It is the class of [[Alexandria]].

It is unlocked by completing the [[Hero Quest]] ''[[Her Reasons]]''. The [[Class Rank (XC3)|Class Rank]] maximum can be increased to 20 by completing the Ascension Quest ''[[Inescapable Past]]''.","{'Supreme Sword': 'Launch |Launched↑ * Reversal Edge, Crit.+ during enemy Art * Glitter Stream, Side Break |Break (Rank 10 Master Art) * Sidewinder |Sidewinder, AOE/Back Crit. Rate+ * Aerial Slash |Aerial Slash, High Crit. Rate/Evade (Rank 1 Master Art) * Mystic Vision, Crit. Rate & dmg+'}","{'Adroit Blade': 'Boosts damage dealt by 4-8% when landing a critical hit (up to a maximum of 150%).', 'Eye for Weak Points': 'Each successful attack boosts Critical Rate by 1-2% of inital value (up to a maximum of 100%). (Rank 15 Master Skill)', 'Floating Kill': 'Boosts Critical Rate by 60-100% when attacking a launched enemy.', 'Vigilance': 'Boosts Critial Rate of auto-attacks by 50-150%. (Rank 5 Master Skill)'}","{'Etched Deep': 'Side [[Break (XC3)|Break]]', 'Luminous Illusion': 'High Crit. Rate/Evade', 'Mirage Divide': 'AOE / Mid-Art enemy↑'}",117415,https://xenoblade.fandom.com/wiki/?curid=117415
Lifesage,Class (Weapon)," 
Lifesage is the class of [[Nia]]. The [[Blade (XC3)|Blade]] of the Lifesage class is the Anima Sword, which is Nia's [[Weapons (XC2)|Catalyst Scimitar]] from {{XC2}}, along with watery versions of [[Pyra]] and [[Mythra]]'s [[Aegis|Aegis Swords]] floating by the user.

It is unlocked by going to the [[Hall of the Serene]] in the [[Cloudkeep]] after completing the main story, or in [[New Game + (XC3)|New Game +]]. Completing the [[Hero Quest|Ascension Quest]] ''[[Grasping My Future]]'' will increase this class's [[Class Rank (XC3)|rank]] limit from 10 to 20.","{'Divine Sword': 'Ignores enemy defense. Also heals all allies to a maximum of 150% of Healing Power.', 'Saber Slash': 'Heals nearby allies when Art hits, to max of 100% of Healing Power.', 'Redemption': 'Heals allies around the user.', 'Waterlily': 'Places a Regenerate |Regeneration field on the ground.', 'Hydro Blast': '30-50% chance to ignore defense and inflicts Blowdown. (Rank 1 Master Art)', 'Aqua Mind': ""Continuously heals nearby allies' HP, boosts recharge speed by 25%. (Rank 10 Master Art)""}","{'Steadfast Feelings': ""Restores nearby allies' HP on Art execution. Amount healed is equal to 30-50% of user's Healing."", 'Instant Regen+': '25% chance to heal using 60-100% of Healing Power upon taking damage.', 'Enhanced Cellular Stimulus': '30-50% chance on hit to deal 100%-200% of Healing Power as defense-bypassing damage. (Rank 5 Master Skill)', 'Abundant Oceans': 'Reduces damage to allies by 10-15%, and boosts HP recovery by 10-15% (does not stack). (Rank 15 Master Skill)'}","{'Last Hope': '40-50% chance to ignore defense and inflicts Blowdown.', 'Merciful Heart': 'An Ether attack that causes Knockback to enemies in front of Nia.', 'Redeeming Bloom': 'Places a Regeneration field on the ground.'}",118552,https://xenoblade.fandom.com/wiki/?curid=118552
Lone Exile,Class (Weapon)," 
Lone Exiles are aggressive Defenders whose swift, deadly slash strikes draw foes in only to mow them down, and function similarly to [[Dunban]] in that they generate aggro primarily by inflicting large amounts of burst damage. While they gain further attack boosts at low health, they lack any inherent means of enhancing their survivability, which can be an issue in prolonged battles. It is the class of [[Ashera]].

It is unlocked by completing the [[Hero Quest]] ''[[The Wrath of Ashera]]''. The [[Class Rank (XC3)|Class Rank]] maximum is increased to 20 after completing the Ascension Quest ''[[A Deep-Seated Scar]]''.","{'Blossom Dance': 'High aggro/Pierce', 'Demon Slayer |Demon Slayer': 'High aggro', 'Eye of the Storm': 'Block / Spike' * Gale Slash |Gale Slash, AOE / Aggroed↑ (Rank 1 Master Art) * Soaring Tempest |Soaring Tempest, Launch |Launch (Rank 10 Master Art) * Jaws of Death |Jaws of Death, Atk up / Faster aggro'}","{'Goading Attack': 'Boosts aggro generated from dealing damage by 30-60%.', 'Natural Selection': 'Reduces damage taken by 20-30% when HP is at 30% or lower. (Rank 5 Master Skill)', 'Maniac': 'Boosts damage dealt when attacking higher-level enemies by 30-50%. (Rank 15 Master Skill)', 'Returning the Favor': 'When nearby ally is attacked, deal 100-250% of attack in damage to enemy.'}","{'Inferno Wheel': 'Aggroed↑', 'Ascension Blade': '[[Launch (XC3)|Launch]]', 'Wind Sickle': 'Dmg up at low HP'}",117424,https://xenoblade.fandom.com/wiki/?curid=117424
Lost Vanguard,Class (Weapon),",== Overview ==
Lost Vanguard is the class of [[Monica Vandham|Monica]]. The class focuses on guarding allies with their shield and their arts, while crushing enemies with their [[Blade (XC3)|Defense Mace]]. 

It is unlocked by completing the [[Hero Quest]] ''[[Vandham's Heir]]''. The [[Class Rank (XC3)|Class Rank]] maximum can be increased to 20 by completing the Ascension Quest ''[[Promise to the Future]]''.","{'Thunder Steel': 'AOE/Bind |Bind/Machines↑ * Shockwave, Knockback mid-Art enemy * Taunt Pulse, Cont. dmg/Fast aggro * Mighty Beat |Mighty Beat, AOE/High Aggro/Smash |Smash (Rank 10 Master Art) * Shield Wall |Shield Wall, Block/Heal/Ether anchor (Rank 1 Master Art) * Electro Field, Field / Armor Veil'}","{'Stay Right There': 'When taking damage, 10-20% chance to inflict Knockback on assailant.', ""Come an' Get Me!"": 'When blocking, deals 100-200% of Attack damage to enemy, drawing aggro. (Rank 15 Master Skill)', ""Now That's Tactics!"": 'At start of Chain Attack, increase TP by 5-10. (Rank 5 Master Skill)', 'Never Again!': 'Grants 10-20% chance to absorb attack dealt to allies within range.'}","{'Geo Breaker': 'AOE/High Aggro/[[Smash (XC3)|Smash]]', 'Bolt Flinger': 'Field / Armor Veil', 'Lightning Strike': 'High aggro / [[Blowdown (XC3)|Blowdown]]'}",118546,https://xenoblade.fandom.com/wiki/?curid=118546
Machine Assassin,Class (Weapon)," 
Machine Assassin is the class of [[Segiri]]. Machine Assassins use [[Blade (XC3)|Blades]] known as Doom Axes. It specializes in inflicting many debuffs to weaken the enemy, before going in for the kill.

It can be unlocked by completing the [[Hero Quest]] ''[[Inhumanity]]''. The [[Class Rank (XC3)|Class Rank]] maximum is increased to 20 by completing the Ascension Quest ''[[Invisible Bond]]''.","{'Viral Vector': 'AOE/2 random debuffs * Tyrant Cross, 1 random debuff (Rank 1 Master Art) * Fatal Bite, Side attack ↑ (Rank 10 Master Art) * Terror Onslaught, Back resistance down * Havoc Slayer, AOE / Spread debuffs * Mega Crescent, Extend debuff time'}","{'Cursed Edge': 'Boosts damage dealt by 50-70% when attacking a debuffed enemy. (Rank 5 Master Skill)', 'Chaos Chain': 'Debuffing an enemy boosts damage dealt by 20-30% (up to a maximum of 150%).', 'Anti-Erosion System': 'Grants 30-50% resistance to all debuffs. (Rank 15 Master Skill)', 'Phantom Strike': 'Adds 60-100% chance for attack to be unblockable.'}","{'Fury Reaper': 'AOE / Spread debuffs', 'Seventh Edge': 'Back resistance down', 'Hundred Shells': 'Extend debuff time'}",118551,https://xenoblade.fandom.com/wiki/?curid=118551
Master Driver,Class (Weapon)," 
Master Driver is [[Rex]]'s class, based on his status as the [[Driver|Master Driver]] in {{XC2}}. As a Master Driver, Rex wields the [[Aegis|Firelight Swords]], two swords that are almost identical to [[Pyra]] and [[Mythra]]'s Aegis Swords, but with the Aegis [[Core Crystal]] absent from the swords. He can also combine the two swords into a third sword that closely resembles [[Pneuma]]'s Aegis Sword with the additional blades of energy that appear when charged with energy from [[Siren]]. Rex's [[Battle Arts (XC3)|arts]] in battle primarily consist of his Aegis Sword [[Battle Arts (XC2)|Driver Arts]] from {{XC2|-}}, along with two additional arts that each resemble arts used by [[Zeke]] and [[Mòrag]]. His Talent Art is [[Infinity Blade (XC2)|Infinity Blade]], the attack he and Pneuma used to defeat [[Malos]].

The class focuses primarily on potent area of effect attacks that are especially effective at scoring critical hits.

After completing the [[Challenge Battle Mode|Challenge Battle]] ''[[The Two Saviors]]'', Rex can use the class in the main game as a [[Hero]], but the class cannot be used by anyone else. The class functions the same, but doesn't have [[Sword Bash]] as an art.","{'Infinity Blade': 'AOE/Pierce/Unblockable * Anchor Shot, Front Topple |Topple * Double Spinning Edge, Gain charge on crit. * Dual Blast, AOE/Side Launch |Launch * Cross Blaze, Crit.+ during enemy Art * Rolling Smash (XC2)|Rolling Smash, AOE * Sword Bash, Resistance Down'}","{'Raging Flame': 'Boosts damage dealt by 4-8% when landing a critical hit (up to a maximum of 150%).', 'Lightspeed Blade': 'On critical, ignore enemy defense. Also increases critical hit damage bonus by 30-50 percentage points.', 'Heroic Spirit': 'If an ally is down/has low HP, deal 50-150% more damage and take 20-30% less damage.', 'Flash and Flame': 'Increases Critical Rate by 10-20 percentage points and critical hit damage by 30-50 percentage points. {{clr}}'}",N/A,126313,https://xenoblade.fandom.com/wiki/?curid=126313
Medic Gunner,Class (Weapon)," 
Medic Gunners specialize in healing. They have [[Battle Arts (XC3)|arts]] that deploys a circular field, granting recovery inside a wide area and strengthening companions who enter it. By healing too much, they can be easily targeted by the [[Enemy (XC3)|enemies]]. The Talent Art of the Medic Gunner class is [[Healing Ring]]. Medic Gunner is the initial class of [[Eunie]].
{{clr}}","{'Healing Ring': 'Field / Regenerate |Regenerate', 'Myopic Screen |Myopic Screen': 'Daze |Daze (Rank 1 Master Art)', 'Group Heal': 'AOE / Heal', 'Ether Cannon |Ether Cannon': 'Accuracy down (Rank 10 Master Art)', 'Power Ring': 'Field / Atk Up', 'Vortex |Vortex': 'AOE/Area heal on hit'}","{'Eternal Formation': 'Increases field effect duration by 30-50%. (Rank 15 Master Skill)', 'Medical Mind': 'Boosts amount of HP healed from using healing Arts by 20-30%.', 'Speedy Recovery': 'Boosts speed of ally revival by 20-40% and raises Healing by 5-15.', 'Ninja Healer': 'Reduces aggro generated from healing Arts by 30-50%. (Rank 5 Master Skill)'}",N/A,117097,https://xenoblade.fandom.com/wiki/?curid=117097
Noponic Champion,Class (Weapon)," 
Noponic Champion is the class of [[Ino]]. The [[Blade (XC3)|Blades]] of the Noponic Champion class are known as the Inosabers. The class is unlocked upon completion of the DLC [[Hero Quest]] ''[[Champion of the Nopon]]'', which becomes accessible in Chapter 3 as long as the [[Xenoblade Chronicles 3#Expansion Pass|Expansion Pass]] has been purchased, with [[Noah]] being the class inheritor. The [[Class Rank (XC3)|Class Rank]] limit is increased from 10 to 20 upon completion of the Ascension Quest ''[[The Hope of Noponkind]]''.

The Noponic Champion class gains bonuses when evading attacks, rewarding effective use of evasion Arts. Additionally, it gains bonuses after being incapacitated, allowing the user to grow stronger in protracted battles where the likelihood of being incapacitated is high. Despite being classified as being part of the [[Nopon Caravans]], arts belonging to the Nopon Champion class function like those of Agnian classes.","{'Shining Refrain': 'Evade / Self KO↑', 'Dual Flash': 'High Aggro', 'Refractive Edge': 'Evade / High aggro', 'Tri-Slash': 'Break |Break (Rank 10 Master Art)', 'Lustrous Spike': 'Self KO↑ (Rank 1 Master Art)', 'Dazzling Illusion': 'Eva. up / Faster aggro'}","{'Tit For Tat': 'Whenever an ally in a fixed radius is attacked, boosts recharge of one Art at random by 10-20%.', 'Nanomachine Repair': 'Adds 25% chance to restore HP by 6-8% when evading. (Rank 5 Master Skill)', 'Velocity Gear': 'All Arts except Talent Art gain 6-10% recharge when evading.', 'Overclock': 'Boosts recharge rate by 10-20% each time the character is incapacitated (to a maximum of 25%). (Rank 15 Master Skill)'}","{'Starry Beat': '[[Break (XC3)|Break]]', 'Afterglow': 'Self KO↑', 'Photon Storm': 'Evade / High aggro'}",123894,https://xenoblade.fandom.com/wiki/?curid=123894
Ogre,Class (Weapon)," 
Ogres specialize in smashing [[Enemy (XC3)|enemies]] vigorously with a super-heavy hammer, a powerful weapon with a heavy blow, and also has [[Battle Arts (XC3)|arts]] that can nullify enemy guards. Because of its high attack power, it is easily [[Aggro|targeted]] by enemies. The Talent Art of the Ogre class is [[Pressure Drop]]. It is the initial class of [[Sena]].
{{clr}}","{'Pressure Drop': 'Launch |Launch', 'Big Impact': 'Front Blowdown |Blowdown', 'Hammerhead': 'Side Attack ↑', 'Giant Swing': 'Knockback |Knockback (Rank 1 Master Art)', 'Maximum Voltage': 'Unblockable/Atk Up (Rank 10 Master Art)', 'Cannonball': 'Daze |Dazed ↑'}","{'Fighting Prowess': 'Boosts damage dealt by physical Arts by 30-50%. (Rank 5 Master Skill)', 'Insult to Injury': 'Boosts damage dealt when attacking [[Topple (XC3)|toppled]] enemies by 60-150%.', 'Dynamite Spirit': 'Boosts damage dealt by 20-60% when HP is at 90% or higher. (Rank 15 Master Skill)', 'Fury Smash': 'Increases reaction success rate by 10-45 percentage points.'}",N/A,117280,https://xenoblade.fandom.com/wiki/?curid=117280
Royal Summoner,Class (Weapon)," 
Royal Summoner is the class of [[Melia]]. The [[Blade (XC3)|Blade]] of the Royal Summoner class is the Elemental Staff, which is Melia's [[World Ender]] from {{XCFC}}.

It is unlocked by going to the [[Main Castle Gate]] in [[Keves Castle]] after completing the main story, or in [[New Game + (XC3)|New Game +]]. Completing the [[Hero Quest|Ascension Quest]] ''[[From Atop Her Throne]]'' will increase this class's rank limit from 10 to 20.","{'Element Genesis': 'AOE/Elem. Discharge dmg+', 'Summon Element': 'AOE/Summon Elementals, maximum of 3 elementals (Rank 1 Master Art)', 'Elemental Discharge': 'Release Elementals (Rank 10 Master Art)', 'Shadow Stitch': 'Bind |Bind', 'Starfall': 'AOE / Topple |Topple', 'Power Effect': 'Atk up / Def. down'}","{'Elemental Boost': 'Each elemental discharge boosts damage dealt by 20-40% (up to a maximum of 400%).', 'Essence of Ether': ""Boosts allies' damage by 20-30% and reduces enemy Block Rate by 5-15% (does not stack). (Rank 15 Master Skill)"", 'Fortified Ether Guard': 'Boosts Ether Defense by 10-20%. (Rank 5 Master Skill)', 'Here I Shall Stand': 'Boosts elemental damage by 60-100% and elemental buff effects by 30-50%.'}",{'Starlight Kick': '[[Topple (XC3)|Topple]]'},118553,https://xenoblade.fandom.com/wiki/?curid=118553
Seraph,Class (Weapon)," 
Seraph is the class of [[Cammuravi]]. It employs the use of self-damaging Arts to greatly increase one's damage at lower health values.
It is unlocked after completing the [[Hero Quest]] ''[[A Twist of Fate]]''. The [[Class Rank (XC3)|Class Rank]] maximum is increased to 20 by reaching rank 10 in both Seraph and [[Flash Fencer]] classes, and going to the now-unlocked lab in Colony Omega.","{'Empyrean Salvo |Empyrean Salvo': 'AOE/Blaze |Blaze/Awakening |Awakened+', 'Crimson Lance': 'Side Topple |Topple (Rank 10 Master Art)', 'Flamelord': 'Front attack ↑ (Rank 1 Master Art)', 'Inferno Dance': 'AOE/Dmg to self/Blaze |Blaze', 'Leveling Fire': 'Atk boost/Dmg to self', 'Dragon's Snarl': 'High Crit. Rate/Dmg self'}","{'Beast Mode': 'Grants [[Awakening (XC3)|Awakening]] when damage taken exceeds 45-25% of Max HP.', 'Universal Annihilation': 'Boosts damage to [[Topple (XC3)|toppled]] and [[Launch (XC3)|launched]] targets by 50-150%. (Rank 15 Master Skill)', 'Greatest Warrior': 'Boosts damage by 25-35% for each enemy in battle (max. 200%). (Rank 5 Master Skill)', 'Got the Guts': 'Boosts damage dealt by 60-100% when HP is at 80-85% or lower.'}","{'Sturm und Drang': 'High Crit. Rate/Dmg self', 'Heavenly Spear': 'AOE/Dmg to self/[[Blaze (XC3)|Blaze]]', 'Searing Fury': 'Fast charge'}",118550,https://xenoblade.fandom.com/wiki/?curid=118550
Sharpshooter,Class (Weapon)," 
Sharpshooter is a simple attacking class that provides the party with additional damage and buffs.

It is only used by [[Mwamba]], and cannot be inherited by [[Ouroboros]] members. It is one of three classes (and the only class apart from DLC) with this distinction.","{'Bullet Rush': 'AOE/Unblockable (%)', 'Aero Burst': ""Damage to Agnus↑"",'Rising Blast': 'Side Attack↑', 'Hair Trigger |Hair Trigger': 'Crit. Rate Up', 'Driving Bullet': 'AOE/Accuracy Up', 'Tri-Shot': 'Damage to Machines↑'}","{'Sniper': 'Boosts Dexterity by 10-30%', 'Power Bullet': 'Boosts damage dealt by 10-30% when HP is at 90% or higher.'}",N/A,122485,https://xenoblade.fandom.com/wiki/?curid=122485
Signifer,Class (Weapon)," 
Signifers specialize in giving enhancement or support effects to allies. It is the class of [[Fiona]].

It is unlocked by completing the [[Hero Quest]] ''[[Transparent Dreams]]''. The [[Class Rank (XC3)|Class Rank]] maximum can be increased to 20 by completing the Ascension Quest ''[[A Farewell Reset]]''.","{'Cry of Faith': '2 random buffs (party)', 'Resonant Flag': 'Share own buffs (Rank 10 Master Art)', 'Illuminate': 'AOE / Dmg+ per buff', 'Aureole': '1 random buff (Rank 1 Master Art)', 'Heal Harmony': 'Field / Regenerate', 'Spirited Charge': 'Dmg up per buff'}","{'Cheer Up, Everyone': 'Restore nearby allies\' HP on Art execution. Amount is equal to <abbr title=""Playable characters"">30-50%</abbr>/<abbr title=""Fiona"">40-60%</abbr> of user\'s Healing.', ""We Can Do Better''' (Rank 15 Master Skill):  Restores 3-5% of HP when a buff is applied.\n* '''I've Got Your Backs"": 'Extends duration of buff effects issued by 30-50%.'}","{'Max Effort': '1 random buff', 'Unbreakable Heart': 'Field / Regenerate', 'Lightning Passion': 'Dmg up per buff'}",117779,https://xenoblade.fandom.com/wiki/?curid=117779
Stalker,Class (Weapon)," 
Stalkers wield a bow and specialize at sniping [[Enemy (XC3)|enemies]] with arrows and hunting them from the safety of stealth; while it has low attack power compared to other Attacker classes, it is better able to manage its aggro levels. It is the class of [[Juniper]].

It is unlocked by completing ''[[Natural Selection]]''. The [[Class Rank (XC3)|Class Rank]] maximum is increased to 20 by completing the [[Hero Quest|Ascension Quest]] ''[[Survivors]]''.","{'Refreshing Rain': 'AOE/Wounded enemy↑', 'Landslide': 'Launch |Launched↑ / Evade', 'Staying Power': 'Field / Art Follow-Up', 'Driving Arrow': 'Back Bleed |Bleed', 'Rapid Shot': 'Side attack↑', 'Night Hunt': 'Slower aggro/Back atk+'}","{'Serene Heart': 'Reduces aggro generated from attacks by 25-50%.', 'Swift Death': 'Deals 50-70% more damage against enemies who are at 30% HP or less. (Rank 15 Master Skill)', 'In Cold Blood': 'Boosts damage dealt by 75-150% when attacking an enemy suffering from Bleed.', 'Evasion Expertise': '30-50% chance to evade ranged attacks. (Rank 5 Master Skill)'}","{'Downdraft': 'Back [[Bleed (XC3)|Bleed]]', 'Force of Nature': 'Field / Art Follow-up', 'Liberation Arrow': 'Side attack↑'}",117353,https://xenoblade.fandom.com/wiki/?curid=117353
Strategos,Class (Weapon)," 
Strategos is the class of [[Isurd]]. It is a class that uses [[Blade (XC3)|Disc Launchers]] to assist allies in various ways, as well as weakening foes. 

It is unlocked by completing the [[Hero Quest]] ''[[Unwavering Resolve]]''. The [[Class Rank (XC3)|Class Rank]] maximum can be increased to 20 by completing the Ascension Quest ''[[Effervescent Heart]]''.","{'Soulfire': 'Heal all on hit/Atk down * No Love Lost |No Love Lost, Physical Def. down (Rank 1 Master Art) * Mirror Trap, AOE / Counter Heal * Hornet, Area heal on hit (Rank 10 Master Art) * Moondog, Field / Regenerate |Regenerate  * Earth Bind, Bind'}","{'Strengthening Gambit': 'Extends duration of buff effects issued by 30-50%. (Rank 5 Master Skill)', 'Prowess Gambit': 'Buffing an ally boosts damage dealt by 20-30% (up to a maximum of 200%).', 'Sapping Gambit': 'Extends duration timers of debuffs applied to enemies by 30-50%.', 'Preemption Gambit': '60-100% chance to grant all allies Attack Up on a preemptive attack. (Rank 15 Master Skill)'}","{'Gyreflow': 'Field / Regenerate', 'Razor Wind': 'Area heal on hit', 'Moonshadow': '[[Bind (XC3)|Bind]]'}",118545,https://xenoblade.fandom.com/wiki/?curid=118545
Swordfighter,Class (Weapon)," 
Swordfighters specialize in close-range attacks and they have balanced abilities, especially strong at fighting powerful [[Boss (XC3)|bosses]] and [[Unique Monster (XC3)|Unique Monsters]]. The [[Blade (XC3)|Blade]] of the Swordfighter class is the Veiled Sword.  Swordfighter is the initial class of [[Noah]]. ","{'Overclock Buster': 'Daze |Dazed ↑', 'Ground Beat': 'AOE (Rank 1 Master Art)', 'Sword Strike': 'Side Break |Break', 'Edge Thrust': 'Back Attack ↑', 'Air Slash': 'Cancel attack ↑', 'Shadow Eye': 'Aggro halved / Atk up (Rank 10 Master Art)'}","{'Cypher Edge': 'Boosts Critical Rate by 10-50%. (Rank 5 Master Skill)', 'Sharp Eye': 'Boosts Dexterity by 10-50%.', 'Covert Attack': 'Reduces aggro generated from attacks by 20-65%. (Rank 15 Master Skill)', 'Inspirit': 'Boosts damage dealt by 60-150% when fighting a [[Unique Monster (XC3)|unique]] or [[Boss (XC3)|boss]] monster.'}",N/A,116770,https://xenoblade.fandom.com/wiki/?curid=116770
Tactician,Class (Weapon)," 
Tacticians specialize in supporting allies and disrupting [[Enemy (XC3)|enemies]] by using ether to disguise them. While putting enemies to sleep, he also reduces damage with [[Battle Arts (XC3)|arts]] making evasion easier for his companions. The [[Battle Arts (XC3)|Talent Art]] of Tactician is [[Tidal Wave]]. It is the initial class of [[Taion]].
{{clr}}","{'Tidal Wave': 'AOE / Heal all on hit', 'Dark Banner': 'AOE / Sleep |Sleep (Rank 1 Master Art)', 'Overfall |Overfall': 'Ether Def. down (Rank 10 Master Art)', 'Stormy Skies |Stormy Skies': 'AOE / Heal', 'Hazy Figure': 'Field / Eva. up', 'Avenging Eagle': 'AOE / Eva. down'}","{'Ethereal Ability': 'Boosts damage dealt by ether Arts by 30-50%. (Rank 5 Master Skill)', 'Shieldrender': 'Adds 60-100% chance for attack to be unblockable.', 'Eternal Curse': 'Extends duration timers of debuffs applied to enemies by 30-50%.', 'Inevitable Evitability': '6-10% chance to evade enemy attack. (Rank 15 Master Skill)'}",N/A,117285,https://xenoblade.fandom.com/wiki/?curid=117285
Thaumaturge,Class (Weapon),"Thaumaturge specialize in battering enemies with long combos, while they heal up their allies. The [[Blade (XC3)|Blade]] of the Thaumaturge class is the Martial Linkstaff. Thaumaturge is the class of [[Teach]]. 

It is unlocked by completing the [[Hero Quest]] ''[[Going Beyond Power]]''. The [[Class Rank (XC3)|Class Rank]] maximum can be increased to 20 by completing the Ascension Quest ''[[Shadow of Enmity]]''.","{'Demise Thrust': 'Burst', 'Rank Splitter': 'AOE heal on hit', 'Violent Flurry': 'Chance to pierce (Rank 1 Master Art)', 'Divine Protection': 'Field / Armor Veil', 'Leaping Current': 'AOE/Clear debuffs/Atk+', 'Spearpoint Thrust': 'Bind |Bind (Rank 10 Master Art)'}","{'Wheel of Rebirth': 'Heals all allies using 500-900% of Healing Power when executing a Burst.', 'Qinggong': 'Boosts evasion by 25-35% while moving.', 'Ultimate Qigong': ""When landing a hit, deals damage as though enemy's physical defense was 30-50% lower. (Rank 5 Master Skill)"", 'Life-Saving Fists': 'Heals self when auto-attack hits, to a maximum of 100% of Healing Power. (Rank 15 Master Skill)'}","{'Furious Flash': '[[Bind (XC3)|Bind]]', 'Profound Strength': 'AOE/Clear Debuffs/Atk+', 'All-Slayer': 'Chance to pierce'}",118544,https://xenoblade.fandom.com/wiki/?curid=118544
Troubadour,Class (Weapon),"Troubadour is the class of [[Miyabi]]. It is a class that raises allies frequency and strengthening them greatly with flue playing. The class is unlocked upon completing ''[[Side Story: Mio]]'', and the [[Class Rank (XC3)|Rank]] cap can be increased from 10 to 20 upon completion of the [[Hero Quest|Ascension Quest]] ''[[Happiness]]''.
{{clr}}","{'Glittering Melody': 'Gain charge/Pause buffs', 'Autumn Rain': 'AOE / Regenerate |Regenerate', 'Way Home': 'Burst (Rank 1 Master Art)', ""Ring o' Roses"": 'Field / Fast charge (Rank 10 Master Art)', 'Twin Moons': 'Remove buffs', 'Shadow Parade': 'Fast charge/Def. down'}","{'Swiftsong': ""Boosts all allies' accuracy and evasion by 10-20%. Does not stack. (Rank 15 Master Skill)"", 'Endsong': ""Recharges all allies' Arts by 60-100% when incapacitated."", 'Dance of Barrages': '10-12% chance to keep recharge when using Art. (Rank 5 Master Skill)', 'Dance of Life': 'Own Arts gain 60-100% recharge when an ally is incapacitated.'}","{'Empty Shell': 'Field / Fast charge', 'Snowdrift': '[[Burst]]', 'Sweet Breeze': 'AOE / Regenerate'}",118549,https://xenoblade.fandom.com/wiki/?curid=118549
War Medic,Class (Weapon),"War Medics specialize in combat support, such as recovery and strengthening the abilities of their companions. They have a [[Battle Arts (XC3)|Talent Art]] that can [[Hit Points (XC3)|heal]] all of their allies. War Medic is the class of [[Valdi]].

It is unlocked by completing the [[Hero Quest]] ''[[The Kind Right Hand]]''. The [[Class Rank (XC3)|Class Rank]] limit can be increased to 20 by completing the Ascension Quest ''[[I'm a Mechanic]]''.","{'Technical Heal': 'Heal party', 'Multi Blast': 'Area heal on hit (Rank 1 Master Art)', 'Heal Bullet |Heal Bullet': 'AOE / Heal', 'Advanced Cooldown': 'Field / Def. up (Rank 10 Master Art)', 'Cure Bullet |Cure Bullet': 'AOE/Clear debuffs/Debf. barrier', 'Vital Bullet': 'AOE / Delayed healing'}","{'Recovery Engine': 'Removing debuffs boosts own Healing Power by 30-50% (up to a maximum of 150%).', 'Healing License': 'Boosts amount of HP healed from using healing Arts by 20-30%. (Rank 5 Master Skill)', 'Rescue License': 'Increases HP restored when reviving an ally by 20-40%.', 'Antibody System': 'Shortens duration of debuffs on self by 30-50%. (Rank 15 Master Skill)'}","{'Trickshot': 'Area heal on hit', 'Hyper Reload': 'Field / Def. up', 'Surprise Beat': 'Atk down / Machines↑'}",117327,https://xenoblade.fandom.com/wiki/?curid=117327
Martial Artist,Class (Weapon),"Martial Artist is the class of [[Ghondor]], who wields the Turbo Cestus as her [[Blade (XC3)|Blade]]. The class focuses on pounding enemies into dust with a torrent of blows.  

It is unlocked shortly after starting [[Chapter 6 (XC3)|Chapter 6]]. The [[Class Rank (XC3)|Class Rank]] maximum can be increased to 20 by completing the [[Hero Quest|Ascension Quest]] ''[[Knowing Your Family]]''.
{{clr}}","{'Raging Force (Talent Art)': 'Deplete Arts: Boost dmg',
'Detonating Hit': 'Side Daze',
'Focus': 'Fast charge/Auto-atk spd+',
'Jackal Claw': 'High Crit. Rate/Evade',
'Impulse Wave':  'AOE / Dmg+ per enemy',
'Destructive Charge': 'Front atk ↑ / Blowdown'}","{'Storm and Stress': 'Each time you perform a cancel, boosts damage dealt by 10-20% (to a maximum of 150%).',
 'Frenzied Combo': 'On critical hit, recharge Art used by 20-30%. (Rank 15 Master Skill)',
'Flashing Punch': 'Chained auto-attacks increase attack speed. Auto-attack interval is also shortened.',
'Feline Righting Reflex': 'Ignore Blowdown and Launch by somersaulting. Also has 60-100% chance to grant Attack Up. (Rank 5 Master Skill)'}","{'Hyper Dropkick': 'Front atk ↑ / Blowdown',
'Comet Punch': 'AOE/High Crit. Rate/Evade',
'Rampaging Fists': 'Dmg up per enemy'}",118548,https://xenoblade.fandom.com/wiki/?curid=118548
Lapidarist,Class (Weapon),"Lapidarist is the class of Masha. It is unlocked upon completing the Hero Quest Lapidarist Extraordinaire, and is inherited by Mio. The class rank limit is increased to 20 upon completing For the Sake of Keepsakes. The Blades of the Lapidarist class are known as the Dazzling Rings, ring-shaped weapons similar to Mio's Dual Moonblades. Despite being classified as being part of the Lost Numbers, arts belonging to the Lapidarist class function like those of Kevesi classes.","{'Pride of Place (Talent Art)': 'Field / Blaze & Regen',
'Blessed Edge':  'Area heal on hit',
'Rigid Slicer': 'AOE / Slow charge (Rank 1 Master Art)',
'Prismatic Ring': 'Field / Arts heal',
'Golden Heart': 'AOE / Fast charge',
'Vivid Carve': 'Remove buffs (Rank 10 Master Art)'}","{'Star Treatment': 'On critical hit, heal nearby allies to max of 70% of Healing Power.',
'Beaming Edge': 'Boosts all allies' Critical Rate by 12-20% and critical hit damage by 30-50 perc. points. (Does not stack.) (Rank 15 Master Skill)',
'Fascinator': 'Boosts damage dealt when in range of a field effect 50-70%.',
'Ring à la Mode': 'Increases the maximum number of fields that can be set from 3 to 4. (Does not stack.) (Rank 5 Master Skill)'}","{'Solid Silver': 'AOE / Slow charge',
'Majestic Zone': 'Field / Arts heal',
'Platinum Shards': 'Remove buffs'}",125565,https://xenoblade.fandom.com/wiki/?curid=125565