Gem Name,Gem Overview,Gem Stats,Recipes and Required Ingredients,ID,URL
Accurate Grace,"{'Effect': ""[Passive] Increases Dexterity ."", 'Category': 'Attacker', 'Max Combined': ""45\n}}\n'''Accurate Grace''' is an Attacker [[Gem]] in {{XC3}} and {{XC3FR""}","{'I': '20%', 'II': '22%', 'III': '25%', 'IV': '27%', 'V': '30%', 'VI': '33%', 'VII': '35%', 'VIII': '37%', 'IX': '40%', 'X': '45%'}","[{'Gem Name': 'Accurate Grace  I', 'Ingredients': ['Gemstone', 'Slender Flamii Bone']}, {'Gem Name': 'Accurate Grace II', 'Ingredients': [' Gemstone', 'Ether Cylinder']}, {'Gem Name': 'Accurate Grace III', 'Ingredients': ['Gemstone', 'Full-Bodied Ardun Meat', 'Caterpile Antenna', 'Moramora Bezoar', 'Jagron Fossil', 'Ether Cylinder']}, {'Gem Name': 'Accurate Grace IV', 'Ingredients': ['Rhogul A x e Crest', ""Ottil's Clambreaking Stone"", 'Mudclam', 'Ether Cylinder ']}, {'Gem Name': 'Accurate Grace V', 'Ingredients': ['Pure Gemstone', 'Silent Wood', 'Ether Cylinder x 2']}, {'Gem Name': 'Accurate Grace VI', 'Ingredients': ['Pure Gemstone', 'Quality Red Krodla x Meat x 2', 'Volffskin x 2', 'Avis Sphere x 2', 'Thinskin', 'Ether Cylinder x 2']}, {'Gem Name': 'Accurate Grace VII', 'Ingredients': ['Ultra Pure Gemstone', 'Flak Simple Eye x 2', 'Myoot Beak x 2', 'Taos Wingtip x 3', 'Shoo x Earplate x 3', 'Obsidian Berry', 'Ether Cylinder x 2']}, {'Gem Name': 'Accurate Grace VIII', 'Ingredients': ['Ultra Pure Gemstone x 2', 'Krammit Device Fragment x 15', 'Variable Centuris Claw x 15', 'Antol Queen Compound Eye x 15', 'Vokooku Backbone x 15', 'Empress Lettuce x 10', 'Ether Cylinder x 3']}, {'Gem Name': 'Accurate Grace IX', 'Ingredients': ['Ultra Pure Gemstone x 3', 'Missing Tree x 10', 'Ether Cylinder x 3 ']}, {'Gem Name': 'Accurate Grace X', 'Ingredients': ['Ultra Pure Gemstone x 5', 'Ulula Metal Fist x 30', 'Piercing Rhogul Quill x 30', 'Soft-Shelled Aligo Egg x 30', 'Armored Plambus Wing x 30', 'Centuris Legs x 30', 'Ether Cylinder x 3']}, {'Gem Name': 'Accurate Grace I', 'Ingredients': [' Gemstone', ""Quadwing's Indulgence""]}, {'Gem Name': 'Accurate Grace II', 'Ingredients': [' Gemstone', 'Aromatic Anlood Meat']}, {'Gem Name': 'Accurate Grace III', 'Ingredients': [' Pure Gemstone', 'Vang Membrane x 2', 'Vang Membrane']}, {'Gem Name': 'Accurate Grace IV', 'Ingredients': [' Pure Gemstone', 'Luminescent Laia Fin x 2', 'Testudo Shoulder Gun x 2']}, {'Gem Name': 'Accurate Grace V', 'Ingredients': [' Ultra Pure Gemstone', 'Great Feris Horn Pair<br>Aromatic Anlood Meat x 2<br>Aromatic Anlood Meat x 3']}]",118889,https://xenoblade.fandom.com/wiki/?curid=118889
Disperse Bloodlust,"{'Effect': ""[Passive] Reduces aggro generated when using Art ."", 'Category': 'Speciality', 'Max Combined': ""45%\n}}\n'''Disperse Bloodlust''' is a Speciality [[Gem]] in {{XC3}} and {{XC3FR""}","{'I': '20%', 'II': '22%', 'III': '25%', 'IV': '27%', 'V': '30%', 'VI': '32%', 'VII': '35%', 'VIII': '37%', 'IX': '40%', 'X': '45%'}","[{'Gem Name': 'Disperse Bloodlust I', 'Ingredients': ['Gemstone', 'Volffskin']}, {'Gem Name': 'Disperse Bloodlust II', 'Ingredients': ['Gemstone', 'Aspar Eyeball', 'Rhogul Axe Crest', 'Kaleidoscelery', 'Ether Cylinder']}, {'Gem Name': 'Disperse Bloodlust III', 'Ingredients': ['Gemstone', 'Noble Feris Mane', 'Sweet Kapiba Lard', 'Gooey Upa Egg', 'Quinini', 'Ether Cylinder']}, {'Gem Name': 'Disperse Bloodlust IV', 'Ingredients': ['Pure Gemstone', 'Amoney Flower Lure', 'Springy Medooz Bell', 'Soft-Shelled Aligo Egg', 'Million-Leaf Dill', 'Ether Cylinder']}, {'Gem Name': 'Disperse Bloodlust V', 'Ingredients': ['Pure Gemstone', 'Variable Centuris Claw', 'Giant Serprond Scale', 'Ories Headplate', 'Black Blossom', 'Ether Cylinder']}, {'Gem Name': 'Disperse Bloodlust VI', 'Ingredients': ['Pure Gemstone', 'Anlood Antler', 'Rich-Smelling Anlood Bone', 'Avis Mech Sword', 'Blue Sorghum', 'Ether Cylinder']}, {'Gem Name': 'Disperse Bloodlust VII', 'Ingredients': ['Ultra Pure Gemstone', 'Enpedia Headpiece', 'Obsidian Kananus Mane', 'Antol Queen Compound Eye', 'Ekidno Jawbone', 'Wraithwood', 'Ether Cylinder']}, {'Gem Name': 'Disperse Bloodlust VIII', 'Ingredients': ['Ultra Pure Gemstone', 'Aspar Eyeball', 'Amoney Flower Lure', 'Vollgull Mask', 'Evil Drague Eye', 'Buloofo Fossil', 'Ether Cylinder']}, {'Gem Name': 'Disperse Bloodlust IX', 'Ingredients': ['Ultra Pure Gemstone', 'Giant Serprond Scale', 'Supersonic Vang Organ', 'Royal Ardun Horn', 'Quardun Fang', 'Bloody Doomcap', 'Ether Cylinder']}, {'Gem Name': 'Disperse Bloodlust X', 'Ingredients': ['Ultra Pure Gemstone', 'Vollgull Mask', 'Fleshy Blant Petal', 'Antol Queen Compound Eye', 'Antol Queen Shell', 'Ories Horns', 'Ether Cylinder', '|}']}]",118902,https://xenoblade.fandom.com/wiki/?curid=118902
Doublestrike,"{'Effect': ""[Passive] Adds  chance to strike twice per auto-attack."", 'Category': 'Speciality', 'Max Combined': ""40%\n}}\n'''Doublestrike''' is a Speciality [[Gem]] in {{XC3}} and {{XC3FR""}","{'I': '15%', 'II': '20%', 'IV': '22%', 'V': '25%', 'VI': '27%', 'VII': '30%', 'VIII': '32%', 'IX': '35%', 'X': '40%'}","[{'Gem Name': 'Doublestrike I', 'Ingredients': ['Gemstone', 'Ropl Jaw']}, {'Gem Name': 'Doublestrike II', 'Ingredients': ['Gemstone', 'Brog Energy Booster', 'Krabble Shield Pincer', 'Kaleidoscelery', 'Ether Cylinder']}, {'Gem Name': 'Doublestrike III', 'Ingredients': ['Gemstone', 'Great Feris Horn Pair', 'Compressed Ansel Meat', 'Taos Wingtip', ""Mallow-o'-the-Marsh"", 'Ether Cylinder']}, {'Gem Name': 'Doublestrike IV', 'Ingredients': ['Pure Gemstone', 'Anlood Antler', 'Refreshing Piranhax Meat', 'Medooz Tentacle', 'Mudclam', 'Ether Cylinder']}, {'Gem Name': 'Doublestrike V', 'Ingredients': ['Pure Gemstone', 'Armored Scorpox Pincer', 'Compressed Ansel Meat', 'Dextrous Bunnit Tail', 'Bizarrenacle', 'Ether Cylinder']}, {'Gem Name': 'Doublestrike VI', 'Ingredients': ['Pure Gemstone', 'Avis Mech Sword', 'Vollgull Stormwind Wing', 'Sagittarius Frame', 'Matryos Carbon', 'Ether Cylinder']}, {'Gem Name': 'Doublestrike VII', 'Ingredients': ['Ultra Pure Gemstone', 'Steelcrushing Rhinon Fang', 'Antol Jaws', 'Krabble Shield Pincer', 'Vollgull Stormwind Wing', 'Beaconstone', 'Ether Cylinder']}, {'Gem Name': 'Doublestrike VIII', 'Ingredients': ['Ultra Pure Gemstone', 'Dextrous Bunnit Tail', 'Spiky Pagul Shell', 'Thick Rhinon Tail', 'Ageshu Needleclaw', 'Black Kiwi', 'Ether Cylinder']}, {'Gem Name': 'Doublestrike IX', 'Ingredients': ['Ultra Pure Gemstone', 'Testudo Iron Wing', 'Sharp Gyaark Tail', 'Evil Drague Eye', 'Steelcrushing Rhinon Fang', 'Helix Tube', 'Ether Cylinder']}, {'Gem Name': 'Doublestrike X', 'Ingredients': ['Ultra Pure Gemstone', 'Vollgull Stormwind Wing', 'Taos Wingtip', 'Ekidno Jawbone', 'Rainbow Darbus Crystal', 'Circular Speculatos Blade', 'Ether Cylinder', '|}']}]",118900,https://xenoblade.fandom.com/wiki/?curid=118900
Analyze Weakness,"{'Effect': ""[Passive] Increases critical hit damage bonus ."", 'Category': 'Attacker', 'Max Combined': ""70\n}}\n'''Analyze Weakness''' is an Attacker [[Gem]] in {{XC3}} and {{XC3FR""}","{'I': '20%', 'II': '25%', 'III': '30%', 'IV': '35%', 'V': '40%', 'VI': '45%', 'VII': '50%', 'VIII': '55%', 'IX': '60%', 'X': '70%'}","[{'Gem Name': 'Analyze Weakness  I', 'Ingredients': ['Gemstone', 'Crustip Jet Spray']}, {'Gem Name': 'Analyze Weakness II', 'Ingredients': ['Gemstone', 'Sharp Hox Horn', 'Ropl Jaw', 'Ether Penguin Fossil', 'Ether Cylinder']}, {'Gem Name': 'Analyze Weakness III', 'Ingredients': ['Gemstone', 'Igna Weapon', 'Withered Kapiba Branch', 'Pale Skeeter Wing', 'Gromice', 'Ether Cylinder']}, {'Gem Name': 'Analyze Weakness IV', 'Ingredients': ['Pure Gemstone', 'Serrated Aligo Fang', 'Quardun Fang', 'Testudo Shoulder Gun', 'Condimenut', 'Ether Cylinder']}, {'Gem Name': 'Analyze Weakness V', 'Ingredients': ['Pure Gemstone', 'Equites Tank Wheel', 'Centuris Legs', 'Arachno Pincer', 'Ion Booster', 'Ether Cylinder']}, {'Gem Name': 'Analyze Weakness VI', 'Ingredients': ['Pure Gemstone', 'Vollgull Mask', 'Blooming Ellook Flower', 'Ories Headplate', 'Strong Dandelion', 'Ether Cylinder']}, {'Gem Name': 'Analyze Weakness VII', 'Ingredients': ['Ultra Pure Gemstone', 'Horrish Amplifier', 'Vokooku Backbone', 'Testudo Shoulder Gun', 'Sweet Pagul Body', 'Galaxy Swirl', 'Ether Cylinder']}, {'Gem Name': 'Analyze Weakness VIII', 'Ingredients': ['Ultra Pure Gemstone', 'Crustip Jet Spray', 'Sharp Merfrey Tail', 'Enpedia Launcher', 'Explosive Plambus Powder', 'Chrysanthemany', 'Ether Cylinder']}, {'Gem Name': 'Analyze Weakness IX', 'Ingredients': ['Ultra Pure Gemstone', 'Gastrates Gun Turret', 'Ekidno Tail', 'Myoot Beak', 'Elegant Ravoon Horn', 'Fleeting Plum', 'Ether Cylinder']}, {'Gem Name': 'Analyze Weakness X', 'Ingredients': ['Ultra Pure Gemstone', 'Drague Everflame', 'Sharp Hox Horn', 'Arachno Pincer', 'Ageshu Needleclaw', 'Gastrates Gun Turret', 'Ether Cylinder', '|}']}]",118890,https://xenoblade.fandom.com/wiki/?curid=118890
Empowered Combo,"{'Effect': ""[Passive] When canceling, boosts damage dealt ."", 'Category': 'Speciality', 'Max Combined': ""75%\n}}\n'''Empowered Combo''' is a Speciality [[Gem]] in {{XC3}} and {{XC3FR""}","{'I': '25%', 'II': '30%', 'III': '35%', 'IV': '40%', 'V': '45%', 'VI': '50%', 'VII': '55%', 'VIII': '60%', 'IX': '65%', 'X': '75%'}","[{'Gem Name': 'Empowered Combo I', 'Ingredients': ['Gemstone', 'Volff Meat']}, {'Gem Name': 'Empowered Combo II', 'Ingredients': ['Gemstone', 'Taos Wingtip', 'Dextrous Bunnit Tail', 'Dark Fish Fossil', 'Ether Cylinder']}, {'Gem Name': 'Empowered Combo III', 'Ingredients': ['Gemstone', 'Krammit Device Fragment', 'Brog Energy Booster', 'Garaffa Electrical Organ', 'Fleet Shimeji', 'Ether Cylinder']}, {'Gem Name': 'Empowered Combo IV', 'Ingredients': ['Pure Gemstone', 'Tirkin Service Medal', 'Magnificent Upa Lura', 'Anlood Antler', 'Aldae Evridae', 'Ether Cylinder']}, {'Gem Name': 'Empowered Combo V', 'Ingredients': ['Pure Gemstone', 'Ekidno Jawbone', 'Sagittarius Frame', 'Spiky Pagul Shell', 'Thick Flange', 'Ether Cylinder']}, {'Gem Name': 'Empowered Combo VI', 'Ingredients': ['Pure Gemstone', 'Glistening Krodlax Scale', 'Sagittarius Machine Rifle', 'Round Skwaror Crystal', 'Strong Dandelion', 'Ether Cylinder']}, {'Gem Name': 'Empowered Combo VII', 'Ingredients': ['Ultra Pure Gemstone', 'Ageshu Needleclaw', 'Ulula Metal Fist', 'Moramora Bezoar', 'Steel Urchon Scale', 'Bronze Wood', 'Ether Cylinder']}, {'Gem Name': 'Empowered Combo VIII', 'Ingredients': ['Ultra Pure Gemstone', 'Withered Kapiba Branch', 'Sagittarius Frame', 'Marrin Bone', 'Scorpox Exoskeleton', 'Bezoarite', 'Ether Cylinder']}, {'Gem Name': 'Empowered Combo IX', 'Ingredients': ['Ultra Pure Gemstone', 'Circular Speculatos Blade', 'Scorpox Exoskeleton', 'Flak Simple Eye', 'Serrated Aligo Fang', 'Puzzletree Wood', 'Ether Cylinder']}, {'Gem Name': 'Empowered Combo X', 'Ingredients': ['Ultra Pure Gemstone', 'Mineral Darbus Bone', 'Eluca Silk', 'Ropl Rock Fragment', 'Kananus Razor Horn', 'Lightweight Velites Base', 'Ether Cylinder', '|}']}]",118901,https://xenoblade.fandom.com/wiki/?curid=118901
Ironclad,"{'Effect': ""[Passive] Increases maximum HP ."", 'Category': 'Speciality', 'Max Combined': ""1500\n}}\n'''Ironclad''' is a Speciality [[Gem]] in {{XC3}} and {{XC3FR""}","{'I': '100%', 'II': '250%', 'III': '400%', 'IV': '550%', 'V': '700%', 'VI': '850%', 'VII': '1000%', 'VIII': '1150%', 'IX': '1300%', 'X': '1500%'}","[{'Gem Name': 'Ironclad I', 'Ingredients': ['Gemstone', 'Glaring Eyeball']}, {'Gem Name': 'Ironclad II', 'Ingredients': ['Gemstone', 'Fleshy Blant Petal', 'Well-Aged Camill Juices', 'Kaleidoscelery', 'Ether Cylinder']}, {'Gem Name': 'Ironclad III', 'Ingredients': ['Gemstone', 'Tirkin Seasoning', 'Wisp Nectar', 'Cured Armu Sirloin', 'Quinini', 'Ether Cylinder']}, {'Gem Name': 'Ironclad IV', 'Ingredients': ['Pure Gemstone', 'Rich Quarmu Sea Milk', 'Large Flamii Egg', 'Marbled Quarmu Meat', 'Shiny Rose', 'Ether Cylinder']}, {'Gem Name': 'Ironclad V', 'Ingredients': ['Pure Gemstone', 'Kevesi Dog Tag', 'Auxilia Cylinder', 'Igna Rejuvenator', 'Jade Coral', 'Ether Cylinder']}, {'Gem Name': 'Ironclad VI', 'Ingredients': ['Pure Gemstone', 'Fresh Armu Milk', 'Garaffa Tenderloin', 'Bitter Quadwing Powder', 'Crimson Moonbloom', 'Ether Cylinder']}, {'Gem Name': 'Ironclad VII', 'Ingredients': ['Ultra Pure Gemstone', 'Ulula Generator', 'Antol Queen Shell', 'Caterpile Syrup', 'Tirkin Seasoning', 'Golden Beetroot', 'Ether Cylinder']}, {'Gem Name': 'Ironclad VIII', 'Ingredients': ['Ultra Pure Gemstone', 'Cured Armu Sirloin', 'Fatty Serprond Fillet', 'White Rhana Liver', 'Blessed Pippito Light', 'Milky Soy', 'Ether Cylinder']}, {'Gem Name': 'Ironclad IX', 'Ingredients': ['Ultra Pure Gemstone', 'Auxilia Cylinder', 'Gooey Upa Egg', 'Droid Tube', 'Giant Serprond Scale', 'Delicate Bell', 'Ether Cylinder']}, {'Gem Name': 'Ironclad X', 'Ingredients': ['Ultra Pure Gemstone', 'Horrish Amplifier', 'Bunnit Meat', 'Full-Bodied Ardun Meat', 'White Rhana Liver', 'Enpedia Headpiece', 'Ether Cylinder', '|}']}]",118898,https://xenoblade.fandom.com/wiki/?curid=118898
Lifebearer,"{'Effect': ""[Passive] Increases Healing ."", 'Category': 'Healer', 'Max Combined': ""45\n}}\n'''Lifebearer''' is a Healer [[Gem]] in {{XC3}} and {{XC3FR""}","{'I': '20%', 'II': '22%', 'III': '25%', 'IV': '27%', 'V': '30%', 'VI': '33%', 'VII': '35%', 'VIII': '37%', 'IX': '40%', 'X': '45%'}","[{'Gem Name': 'Lifebearer I', 'Ingredients': ['Gemstone', 'Flier Nectar Jelly']}, {'Gem Name': 'Lifebearer II', 'Ingredients': ['Gemstone', 'Large Flamii Egg', 'Volff Meat', 'Powdered Wheat', 'Ether Cylinder']}, {'Gem Name': 'Lifebearer III', 'Ingredients': ['Gemstone', 'Sweet Kapiba Lard', 'Fresh Armu Milk', 'Caterpile Syrup', 'Twooth Clover', 'Ether Cylinder']}, {'Gem Name': 'Lifebearer IV', 'Ingredients': ['Pure Gemstone', 'Red Piranhax Egg', 'Golden Brog Oil', ""Ottil's Treasured Bivalve"", 'Aldae Evridae', 'Ether Cylinder']}, {'Gem Name': 'Lifebearer V', 'Ingredients': ['Pure Gemstone', 'Gastrates Ether Furnace', 'Quality Red Krodlax Meat', 'Fatty Serprond Fillet', 'Silent Wood', 'Ether Cylinder']}, {'Gem Name': 'Lifebearer VI', 'Ingredients': ['Pure Gemstone', 'Aries Fur', 'Skeeter Honey', 'Full-Bodied Ardun Meat', 'Heavy Pomegranate', 'Ether Cylinder']}, {'Gem Name': 'Lifebearer VII', 'Ingredients': ['Ultra Pure Gemstone', 'White Rhana Liver', 'Gulkin Seaweed Snack', 'Imperial Taos Egg', 'Fatty Serprond Fillet', 'Golden Beetroot', 'Ether Cylinder']}, {'Gem Name': 'Lifebearer VIII', 'Ingredients': ['Ultra Pure Gemstone', 'Gulkin Shell Amulet', 'Caterpile Syrup', 'Preserved Gogol Snack', 'Aries Fur', 'Thousand Carrot', 'Ether Cylinder']}, {'Gem Name': 'Lifebearer IX', 'Ingredients': ['Ultra Pure Gemstone', 'Tirkin Seasoning', 'Arachno Queen Egg', 'Horrish Amplifier', 'Ornate Moglum Coral', 'Royal Red Scallop', 'Ether Cylinder']}, {'Gem Name': 'Lifebearer X', 'Ingredients': ['Ultra Pure Gemstone', 'Silver Ravoon Bone', 'Large Flamii Egg', 'Imperial Taos Egg', 'Moglum Lamp', ""Quadwing's Indulgence"", 'Ether Cylinder', '|}']}]",118893,https://xenoblade.fandom.com/wiki/?curid=118893
Lifesaving Expertise,"{'Effect': ""[Passive] Boosts speed of ally revival  and raises Healing ."", 'Category': 'Healer', 'Max Combined': ""45% / 15\n}}\n'''Lifesaving Expertise''' is a Healer [[Gem]] in {{XC3}} and {{XC3FR""}","{'I': '20%', 'II': '22%', 'III': '25%', 'IV': '27%', 'V': '30%', 'VI': '32%', 'VII': '35%', 'VIII': '37%', 'IX': '40%', 'X': '45%'}","[{'Gem Name': 'Lifesaving Expertise I', 'Ingredients': ['Gemstone', ""Quadwing's Indulgence""]}, {'Gem Name': 'Lifesaving Expertise II', 'Ingredients': ['Gemstone', 'Krabble Viscera', 'Tough Hox Pelt', 'Honey Lily', 'Ether Cylinder', '|Lifesaving Expertise III', '|Gemstone', 'Garaffa Electrical Organ', 'Igna Rejuvenator', 'Refreshing Piranhax Meat', 'Syrup Spruce', 'Ether Cylinder']}, {'Gem Name': 'Lifesaving Expertise IV', 'Ingredients': ['Pure Gemstone', 'Brog Energy Booster', 'Aspar Secretion', 'Round Amoney Tentacle', 'Sundialflower', 'Ether Cylinders']}, {'Gem Name': 'Lifesaving Expertise V', 'Ingredients': ['Pure Gemstone', ""Kevesi Soldier's Armor"", 'Equites Loading Core', 'Withered Kapiba Branch', 'Thermal Parts', 'Ether Cylinder']}, {'Gem Name': 'Lifesaving Expertise VI', 'Ingredients': ['Pure Gemstone', 'Blooming Ellook Flower', ""Quadwing's Indulgence"", 'Garaffa Electrical Organ', 'Rockabye Basalt', 'Ether Cylinder']}, {'Gem Name': 'Lifesaving Expertise VII', 'Ingredients': ['Ultra Pure Gemstone', 'Droid Tube', 'Merigna Amulet', 'Fleshy Blant Petal', 'Variable Centuris Claw', 'Death Mushroom', 'Ether Cylinder']}, {'Gem Name': 'Lifesaving Expertise VIII', 'Ingredients': ['Ultra Pure Gemstone', 'Igna Rejuvenator', 'Flier Nectar Jelly', 'Horrish Amplifier', 'Prized Merigna Salt', 'Flaskform Aquapolyp', 'Ether Cylinder']}, {'Gem Name': 'Lifesaving Expertise IX', 'Ingredients': ['Ultra Pure Gemstone', 'Equites Loading Core', 'Arachno Thread', 'Geometric Myoot Gear', 'Anlood Antler', 'Maximushroom', 'Ether Cylinder']}, {'Gem Name': 'Lifesaving Expertise X', 'Ingredients': ['Ultra Pure Gemstone', 'Blessed Pippito Light', 'Wisp Nectar', 'Krammit Viscera', 'Prized Merigna Salt', 'Steel Urchon Scale', 'Ether Cylinder', '|}']}]",118895,https://xenoblade.fandom.com/wiki/?curid=118895
Perilous Presence,"{'Effect': '[Passive] Start each battle with aggro.', 'Category': ""Defender\n}}\n'''Perilous Presence''' is a Defender [[Gem]] in {{XC3}} and {{XC3FR""}","{'I': '500%', 'II': '750%', 'III': '1000%', 'IV': '1250%', 'V': '1500%', 'VI': '1750%', 'VII': '2000%', 'VIII': '2250%', 'IX': '2500%', 'X': '3000%'}","[{'Gem Name': 'Perilous Presence I', 'Ingredients': ['Rhogul A x e Crest']}, {'Gem Name': 'Perilous Presence II', 'Ingredients': ['Gemstone', 'Ether Cylinder']}, {'Gem Name': 'Perilous Presence III', 'Ingredients': ['Gemstone', 'Wisp Sun Bead', 'Tirkin Service Medal', 'Elegant Ansel Feather', 'Syrup Spruce', 'Ether Cylinder']}, {'Gem Name': 'Perilous Presence IV', 'Ingredients': [""Ottil's Treasured Bivalve"", 'Mille-Feuille Rock', 'Ether Cylinder']}, {'Gem Name': 'Perilous Presence V', 'Ingredients': ['Pure Gemstone', 'Black Blossom', 'Ether Cylinder x 2']}, {'Gem Name': 'Perilous Presence VI', 'Ingredients': ['Pure Gemstone', 'Shining Ellook Antler x 2', 'Aries Fur x 2', 'Supersonic Vang Organ x 2', 'Perfume Herb', 'Ether Cylinder x 2']}, {'Gem Name': 'Perilous Presence VII', 'Ingredients': [' Ultra Pure Gemstone', 'Moglum Lamp x 2', 'Rainbow Darbus Crystal x 2', 'Gold Arachno Queensilk x 3', 'Shining Ellook Antler x 3', 'Beaconstone', 'Ether Cylinder x 2']}, {'Gem Name': 'Perilous Presence VIII', 'Ingredients': ['Ultra Pure Gemstone x 2', 'King Marigold x 10', 'Ether Cylinder x 3']}, {'Gem Name': 'Perilous Presence IX', 'Ingredients': ['Ultra Pure Gemstone x 3', 'Small Speculatos Base x 20', 'Preserved Gogol Snack x 20', 'Enpedia Headpiece x 20', 'Antol Queen Shell x 20', 'Lozenge Diamond x 10', 'Ether Cylinder x 3']}, {'Gem Name': 'Perilous Presence X', 'Ingredients': ['Ultra Pure Gemstone x 5', 'Elegant Ravoon Horn x 30', 'Rich-Smelling Anlood Bone x 30', ""Ottil's Treasured Bivalve x 30"", 'E x plosive Plambus Powder x 30', 'Shoo x Earplate x 30', 'Ether Cylinder x 3']}, {'Gem Name': 'Perilous Presence I', 'Ingredients': [' Wisp Sun Bead']}, {'Gem Name': 'Perilous Presence II', 'Ingredients': [' Gemstone', 'Powdered Skwaror Leaves']}, {'Gem Name': 'Perilous Presence III', 'Ingredients': [' Pure Gemstone', 'Blessed Pippito Light', 'Caterpile Antenna']}, {'Gem Name': 'Perilous Presence IV', 'Ingredients': [' Pure Gemstone', 'Decorative Grebel Quill x 2', 'Arachno Pincer x 2']}, {'Gem Name': 'Perilous Presence V', 'Ingredients': [' Ultra Pure Gemstone', 'Garaffa Electrical Organ<br>Luminescent Laia Fin x 2<br>Painted Totem Board x 3']}]",118888,https://xenoblade.fandom.com/wiki/?curid=118888
Refined Blessing,"{'Effect': ""[Passive] Extends duration of buff effects issued by self ."", 'Category': 'Healer', 'Max Combined': ""50%\n}}\n'''Refined Blessing''' is a Healer [[Gem]] in {{XC3}} and {{XC3FR""}","{'I': '25%', 'II': '27%', 'III': '30%', 'IV': '33%', 'V': '35%', 'VI': '37%', 'VII': '40%', 'VIII': '42%', 'IX': '45%', 'X': '50%'}","[{'Gem Name': 'Refined Blessing I', 'Ingredients': ['Gemstone', 'Red Piranhax Egg']}, {'Gem Name': 'Refined Blessing II', 'Ingredients': ['Gemstone', 'Rainbow Crustip Shell', 'Flier Pollen', 'Honey Lily', 'Ether Cylinder']}, {'Gem Name': 'Refined Blessing III', 'Ingredients': ['Gemstone', 'Supersonic Vang Organ', 'Magnificent Upa Lure', 'Full-Bodied Ardun Meat', 'Citribell', 'Ether Cylinder']}, {'Gem Name': 'Refined Blessing IV', 'Ingredients': ['Pure Gemstone', 'Krammit Device Fragment', 'Gooey Upa Egg', 'Rich-Smelling Anlood Bone', 'Oil Lentil', 'Ether Cylinder']}, {'Gem Name': 'Refined Blessing V', 'Ingredients': ['Pure Gemstone', 'Bitter Quadwing Powder', 'Eluca Tailtip', 'Sweet Pagul Body', 'Albinite', 'Ether Cylinder']}, {'Gem Name': 'Refined Blessing VI', 'Ingredients': ['Pure Gemstone', 'Round Skwaror Crystal', 'Volff Meat', 'Equites Loading Core', 'Rockabye Basalt', 'Ether Cylinder']}, {'Gem Name': 'Refined Blessing VII', 'Ingredients': ['Ultra Pure Gemstone', 'Marrin Bone', 'Antol Leg Chitin', 'Well-Aged Camill Juices', 'Amoney Flower Lure', 'Obsidian Berry', 'Ether Cylinder']}, {'Gem Name': 'Refined Blessing VIII', 'Ingredients': ['Ultra Pure Gemstone', 'Tirkin Service Medal', 'Red Piranhax Egg', 'Star-Shaped Droid Screw', 'Eluca Tailtip', 'Fluffy Cloud Ear', 'Ether Cylinder']}, {'Gem Name': 'Refined Blessing IX', 'Ingredients': ['Ultra Pure Gemstone', 'Agnian Dog Tag', 'Round Amoney Tentacle', 'Silver Ravoon Bone', 'Zapneedle Marrin Carapace', 'Lagoonite', 'Ether Cylinder']}, {'Gem Name': 'Refined Blessing X', 'Ingredients': ['Ultra Pure Gemstone', 'Fine Ageshu Wing', 'Volffskin', 'Thick Moramora Fin', 'Vokooku Backbone', 'Agnian Dog Tag', 'Ether Cylinder', '|}']}]",118897,https://xenoblade.fandom.com/wiki/?curid=118897
Refined Incantation,"{'Effect': ""[Passive] Extends duration timers of debuffs applied to enemies ."", 'Category': 'Attacker', 'Max Combined': ""50%\n}}\n'''Refined Incantation''' is an Attacker [[Gem]] in {{XC3}} and {{XC3FR""}","{'I': '25%', 'II': '27%', 'III': '30%', 'IV': '33%', 'V': '35%', 'VI': '37%', 'VII': '40%', 'VIII': '42%', 'IX': '45%', 'X': '50%'}","[{'Gem Name': 'Refined Incantation  I', 'Ingredients': [' Gemstone', 'Bunnit Meat']}, {'Gem Name': 'Refined Incantation II', 'Ingredients': ['Gemstone', 'Ether Cylinder']}, {'Gem Name': 'Refined Incantation III', 'Ingredients': ['Gemstone', 'Arachno Queen Egg', 'Gooey Upa Egg', 'Rare Urchon Egg', 'Serenity Jet', 'Ether Cylinder']}, {'Gem Name': 'Refined Incantation IV', 'Ingredients': [' Pure Gemstone', 'Treasured Gogol Liquor', ""Agnian Soldier's Armor"", 'Powdered Skwaror Leaves', 'Oil Lentil', 'Ether Cylinder']}, {'Gem Name': 'Refined Incantation V', 'Ingredients': ['Pure Gemstone', 'Fire Pepper', 'Ether Cylinder x 2']}, {'Gem Name': 'Refined Incantation VI', 'Ingredients': ['Pure Gemstone', 'Bitter Quadwing Powder x 2', 'Perfumed Aries Hide x 2', 'Magnificent Upa Lure x 2', 'Crimson Moonbloom', 'Ether Cylinder x 2']}, {'Gem Name': 'Refined Incantation VII', 'Ingredients': ['Curse Branch', 'Ether Cylinder x 2']}, {'Gem Name': 'Refined Incantation VIII', 'Ingredients': ['Ultra Pure Gemstone x 2', 'Decorative Grebel Quill x 15', 'Treasured Gogol Liquor x 15', 'Gastrates Ether Furnace x 15', 'Gyrinus Halo x 15', 'Oil Oyster Fossil x 10', 'Ether Cylinder x 3']}, {'Gem Name': 'Refined Incantation IX', 'Ingredients': ['Ultra Pure Gemstone x 3', 'Warning Lamp x 10', 'Ether Cylinder x 3']}, {'Gem Name': 'Refined Incantation X', 'Ingredients': ['Ultra Pure Gemstone x 5', 'Enpedia Headpiece x 30', 'Merfrey Skull x 30', 'Aspar Secretion x 30', 'Electrified Vvarga Skull x 30', 'Droid Tube x 30', 'Ether Cylinder x 3']}, {'Gem Name': 'Refined Incantation I', 'Ingredients': [' Gemstone', 'Krammit Viscera']}, {'Gem Name': 'Refined Incantation II', 'Ingredients': [' Gemstone', 'Fibrous Aspar Meat']}, {'Gem Name': 'Refined Incantation III', 'Ingredients': [' Pure Gemstone', 'Fibrous Aspar Meat x 2', 'Symbol Ornament']}, {'Gem Name': 'Refined Incantation IV', 'Ingredients': [' Pure Gemstone', 'Glowing Gyaark Fin x 2', 'Garaffa Electrical Organ x 2']}, {'Gem Name': 'Refined Incantation V', 'Ingredients': [' Ultra Pure Gemstone', 'Luminescent Laia Fin<br>Decorative Grebel Quill x 2<br>Fibrous Aspar Meat x 3']}]",118892,https://xenoblade.fandom.com/wiki/?curid=118892
Soothing Breath,"{'Effect': ""[Passive] When helping an incapacitated ally, revives them with  more HP; also raises Healing ."", 'Category': 'Healer', 'Max Combined': ""45% / 15\n}}\n'''Soothing Breath''' is a Healer [[Gem]] in {{XC3}} and {{XC3FR""}","{'I': '20%', 'II': '22%', 'III': '25%', 'IV': '27%', 'V': '30%', 'VI': '32%', 'VII': '35%', 'VIII': '37%', 'IX': '40%', 'X': '45%'}","[{'Gem Name': 'Soothing Breath I', 'Ingredients': ['Gemstone', 'Skeeter Honey']}, {'Gem Name': 'Soothing Breath II', 'Ingredients': ['Gemstone', 'Ether Cylinder']}, {'Gem Name': 'Soothing Breath III', 'Ingredients': ['Gemstone', 'Skeeter Honey', 'Cured Armu Sirloin', 'Thick Moramora Fin', 'Twooth Clover', 'Ether Cylinder']}, {'Gem Name': 'Soothing Breath IV', 'Ingredients': ['Pure Gemstone', 'Preserved Gogol Snack', 'Flier Nectar Jelly', 'Aspar Secretion', 'Million-Leaf Dill', 'Ether Cylinder']}, {'Gem Name': 'Soothing Breath V', 'Ingredients': ['Pure Gemstone', 'Gulkin Seaweed Snack x 2', 'Wisp Nectar x 2', 'Full-Bodied Ardun Meat x 2', 'Albinite', 'Ether Cylinder x 2']}, {'Gem Name': 'Soothing Breath VI', 'Ingredients': [' Pure Gemstone', 'Compressed Ansel Meat x 2', 'Cured Armu Sirloin x 2', 'Quality Red Krodla x Meat x 2', 'Thinskin', 'Ether Cylinder x 2']}, {'Gem Name': 'Soothing Breath VII', 'Ingredients': ['Ultra Pure Gemstone', 'Prized Merigna Salt x 2', 'Rare Urchon Egg x 2', 'Thick Moramora Fin x 3', 'Au x ilia Cylinder x 3', 'Ring Guava', 'Ether Cylinder x 2']}, {'Gem Name': 'Soothing Breath VIII', 'Ingredients': [' Ultra Pure Gemstone x 2', 'Powdered Skwaror Leaves x 15', 'Skeeter Honey x 15', 'Silver Ravoon Bone x 15', 'Gulkin Seaweed Snack x 15', 'Neo Walnut x 10', 'Ether Cylinder x 3 ']}, {'Gem Name': 'Soothing Breath IX', 'Ingredients': ['Ultra Pure Gemstone x 3', 'Vermillion Bark x 10', 'Ether Cylinder x 3']}, {'Gem Name': 'Soothing Breath X', 'Ingredients': ['Ultra Pure Gemstone x 5', 'Gastrates Ether Furnace x 30', 'Marbled Quarmu Meat x 30', 'Sweet Pagul Body x 30', 'Obsidian Kananus Mane x 30', 'Rich Quarmu Sea Milk x 30', 'Ether Cylinder x 3']}, {'Gem Name': 'Soothing Breath I', 'Ingredients': [' Wisp Sun Bead']}, {'Gem Name': 'Soothing Breath II', 'Ingredients': [' Gemstone', 'Painted Totem Board']}, {'Gem Name': 'Soothing Breath III', 'Ingredients': [' Pure Gemstone', 'Salty Aligo Viscera x 2', 'Preserved Gogol Snack']}, {'Gem Name': 'Soothing Breath IV', 'Ingredients': [' Pure Gemstone', 'Egel Horn x 2', 'Refreshing Piranha x Meat x 2']}, {'Gem Name': 'Soothing Breath V', 'Ingredients': [' Ultra Pure Gemstone', 'Great Feris Horn Pair<br>Painted Totem Board x 2<br>Preserved Gogol Snack x 3']}]",118894,https://xenoblade.fandom.com/wiki/?curid=118894
Steady Striker,"{'Effect': ""[Passive]  Shortens auto-attack interval ."", 'Category': 'Speciality', 'Max Combined': ""40%\n}}\n'''Steady Striker''' is a Speciality [[Gem]] in {{XC3}}. It is the only gem that is not available in {{XC3FR""}","{'I': '15%', 'II': '17%', 'III': '20%', 'IV': '22%', 'V': '25%', 'VI': '27%', 'VII': '30%', 'VIII': '32%', 'IX': '35%', 'X': '40%'}","[{'Gem Name': 'Steady Striker I', 'Ingredients': ['Gemstone', 'Dextrous Bunnit Tail']}, {'Gem Name': 'Steady Striker II', 'Ingredients': ['Gemstone', 'Golden Brog Oil', 'Sharp Hox Horn', 'Dark Fish Fossil', 'Ether Cylinder']}, {'Gem Name': 'Steady Striker III', 'Ingredients': ['Gemstone', 'Ardun Horns', 'Arachno Pincer', 'Krammit Device Fragment', ""Mallow-o'-the-Marsh"", 'Ether Cylinder']}, {'Gem Name': 'Steady Striker IV', 'Ingredients': ['Pure Gemstone', 'Round Amoney Tentacle', 'Agnian Dog Tag', 'Quardun Shell', 'Mobility Thruster', 'Ether Cylinder']}, {'Gem Name': 'Steady Striker V', 'Ingredients': ['Pure Gemstone', 'Circular Velites Blade', 'Avis Sphere', 'Great Feris Horn Pair', 'Fire Pepper', 'Ether Cylinder']}, {'Gem Name': 'Steady Striker VI', 'Ingredients': ['Pure Gemstone', 'Equites Tank Wheel', 'Vang Membrane', 'Ories Horns', 'Anti-Grav Chassis', 'Ether Cylinder']}, {'Gem Name': 'Steady Striker VII', 'Ingredients': ['Ultra Pure Gemstone', 'Enpedia Launcher', 'Vvarga Razor Horn', 'Steelcrushing Rhinon Fang', 'Sharp Merfrey Tail', 'Aspid Fossil', 'Ether Cylinder']}, {'Gem Name': 'Steady Striker VIII', 'Ingredients': ['Ultra Pure Gemstone', 'Igna Weapon', ""Ottil's Clambreaking Stone"", 'Drague Everflame', 'Vvarga Razor Horn', 'Blue Chain', 'Ether Cylinder']}, {'Gem Name': 'Steady Striker IX', 'Ingredients': ['Ultra Pure Gemstone', 'Sagittarius Machine Rifle', 'Volff Meat', 'Horrish Propeller', 'Antol Jaws', 'Dance Apple', 'Ether Cylinder']}, {'Gem Name': 'Steady Striker X', 'Ingredients': ['Ultra Pure Gemstone', 'Evil Drague Eye', 'Medooz Tentacle', 'Kananus Razor Horn', 'Vvarga Razor Horn', 'Myoot Beak', 'Ether Cylinder', '|}']}]",118899,https://xenoblade.fandom.com/wiki/?curid=118899
Steel Protection,"{'Effect': ""[Passive] Increases Block Rate ."", 'Category': 'Defender', 'Max Combined': ""30\n}}\n'''Steel Protection''' is a Defender [[Gem]] in {{XC3}} and {{XC3FR""}","{'I': '5%', 'II': '7%', 'III': '10%', 'IV': '12%', 'V': '15%', 'VI': '17%', 'VII': '20%', 'VIII': '22%', 'IX': '25%', 'X': '30%'}","[{'Gem Name': 'Steel Protection I', 'Ingredients': ['Gemstone', 'Krabble Shield Pincer']}, {'Gem Name': 'Steel Protection II', 'Ingredients': [' Gemstone', 'Ether Cylinder']}, {'Gem Name': 'Steel Protection III', 'Ingredients': ['Gemstone', 'Caterpile Antenna', 'Garaffa Tenderloin', 'Tirkin Service Medal', 'Fossil Monkey Fossil', 'Ether Cylinder']}, {'Gem Name': 'Steel Protection IV', 'Ingredients': ['Pure Gemstone', 'Quardun Shell', 'Tough Ho x Pelt', 'Springy Medooz Bell', 'Blood Emerald', 'Ether Cylinder']}, {'Gem Name': 'Steel Protection V', 'Ingredients': ['Pure Gemstone', 'Scorpo x E x oskeleton x 2', 'Au x ilia E x o-Armor x 2', 'Crustip Jet Spray x 2', 'Thick Flange', 'Ether Cylinder x 2 ']}, {'Gem Name': 'Steel Protection VI', 'Ingredients': ['Pure Gemstone', 'Ories Headplate x 2', 'Ropl Rock Fragment x 2', 'Glistening Krodla x Scale x 2', 'Matryos Carbon', 'Ether Cylinder x 2']}, {'Gem Name': 'Steel Protection VII', 'Ingredients': ['Bronze Wood', 'Ether Cylinder x 2']}, {'Gem Name': 'Steel Protection VIII', 'Ingredients': ['Ultra Pure Gemstone x 2', ""Kevesi Soldier's Armor x 15"", ""Agnian Soldier's Armor x 15"", 'Metal Vokooku Shard x 15', 'Armored Plambus Wing x 15', 'Dynamic Coating x 10', 'Ether Cylinder x 3']}, {'Gem Name': 'Steel Protection IX', 'Ingredients': [' Ultra Pure Gemstone x 3', 'Au x ilia E x o-Armor x 20', 'Quardun Shell x 20', 'Star-Shaped Droid Screw x 20', 'Krammit Device Fragment x 20', 'Demon Marble x 10', 'Ether Cylinder x 3']}, {'Gem Name': 'Steel Protection X', 'Ingredients': ['Ultra Pure Gemstone x 5', 'Flak Scrap Iron x 30', 'Armored Plambus Wing x 30', 'Krabble Shield Pincer x 30', 'Metal Vokooku Shard x 30', 'Au x ilia E x o-Armor x 30', 'Ether Cylinder x 3 ']}, {'Gem Name': 'Steel Protection I', 'Ingredients': [' Gemstone', 'Krabble Shield Pincer']}, {'Gem Name': 'Steel Protection II', 'Ingredients': [' Gemstone', 'Crustip Jet Spray']}, {'Gem Name': 'Steel Protection III', 'Ingredients': [' Pure Gemstone', 'Ornate Moglum Coral x 2<br>Arachno Pincer']}, {'Gem Name': 'Steel Protection IV', 'Ingredients': [' Pure Gemstone', 'Steel Urchon Scale x 2', 'Hard Eggshell x 2']}, {'Gem Name': 'Steel Protection V', 'Ingredients': [' Ultra Pure Gemstone', 'Great Feris Horn Pair<br>Aries Fur x 2<br>Hard Eggshell x 3']}]",118885,https://xenoblade.fandom.com/wiki/?curid=118885
Steelcleaver,"{'Effect': ""[Passive] Increases Attack ."", 'Category': 'Attacker', 'Max Combined': ""70\n}}\n'''Steelcleaver''' is a Attacker [[Gem]] in {{XC3}} and {{XC3FR""}","{'I': '20%', 'II': '25%', 'III': '30%', 'IV': '35%', 'V': '40%', 'VI': '45%', 'VII': '50%', 'VIII': '55%', 'IX': '60%', 'X': '70%'}","[{'Gem Name': 'Steelcleaver  I', 'Ingredients': ['Gemstone', 'Piercing Rhogul Quill']}, {'Gem Name': 'Steelcleaver II', 'Ingredients': ['Gemstone', 'Ether Cylinder']}, {'Gem Name': 'Steelcleaver III', 'Ingredients': ['Gemstone', 'Elegant Ansel Feather', 'Igna Weapon', 'Ardun Horns', 'Jagron Fossil', 'Ether Cylinder']}, {'Gem Name': 'Steelcleaver IV', 'Ingredients': ['Pure Gemstone', 'Krammit Viscera', 'Sharp Ho x Horn', 'Quardun Fang', 'Blood Emerald', 'Ether Cylinder']}, {'Gem Name': 'Steelcleaver V', 'Ingredients': ['Pure Gemstone', 'Sharp Merfrey Tail x 2', 'Avis Mech Sword x 2', 'Ories Horns x 2', 'Thermal Parts', 'Ether Cylinder x 2']}, {'Gem Name': 'Steelcleaver VI', 'Ingredients': ['Pure Gemstone', 'Ories Horns x 2', 'Ropl Jaw x 2', 'Sagittarius Machine Rifle x 2', 'Giant Hornet Fossil', 'Ether Cylinder x 2 ']}, {'Gem Name': 'Steelcleaver VII', 'Ingredients': ['Ultra Pure Gemstone', 'Kananus Razor Horn x 2', 'Thick Rhinon Tail x 2', 'Marrin Bone x 3', 'Circular Velites Blade x 3', 'Aspid Fossil', 'Ether Cylinder x 2']}, {'Gem Name': 'Steelcleaver VIII', 'Ingredients': ['Ultra Pure Gemstone x 2', 'Warrior Screw x 10', 'Ether Cylinder x 3']}, {'Gem Name': 'Steelcleaver IX', 'Ingredients': ['Ultra Pure Gemstone x 3', 'Testudo Shoulder Gun x 20', 'E x plosive Plambus Powder x 20', 'Enpedia Launcher x 20', 'Kananus Razor Horn x 20', 'Griffo x Fossil x 10', 'Ether Cylinder x 3']}, {'Gem Name': 'Steelcleaver X', 'Ingredients': ['Ultra Pure Gemstone x 5', 'Royal Ardun Horn x 30', 'Great Feris Horn Pair x 30', 'Zapneedle Marrin Carapace x 30', 'Thick Rhinon Tail x 30', 'Ulula Metal Fist x 30', 'Ether Cylinder x 3']}, {'Gem Name': 'Steelcleaver I', 'Ingredients': [' Gemstone', 'Volff Meat']}, {'Gem Name': 'Steelcleaver II', 'Ingredients': [' Gemstone', 'Ardun Horns']}, {'Gem Name': 'Steelcleaver III', 'Ingredients': [' Pure Gemstone', 'Ropl Jaw x 2', 'Testudo Shoulder Gun']}, {'Gem Name': 'Steelcleaver IV', 'Ingredients': [' Pure Gemstone', 'Great Feris Horn Pair x 2', 'Sagittarius Machine Rifle x 2']}, {'Gem Name': 'Steelcleaver V', 'Ingredients': [' Ultra Pure Gemstone', 'Gyrinus Halo<br>Ropl Jaw x 2<br>Magnificent Upa Lure x 3']}]",118904,https://xenoblade.fandom.com/wiki/?curid=118904
Swelling Blessing,"{'Effect': ""[Passive] Boosts power of buff effects issued by self ."", 'Category': 'Healer', 'Max Combined': ""50%\n}}\n'''Swelling Blessing''' is a Healer [[Gem]] in {{XC3}} and {{XC3FR""}","{'I': '25%', 'II': '27%', 'III': '30%', 'IV': '33%', 'V': '35%', 'VI': '37%', 'VII': '40%', 'VIII': '42%', 'IX': '45%', 'X': '50%'}","[{'Gem Name': 'Swelling Blessing I', 'Ingredients': ['Gemstone', 'Flier Pollen']}, {'Gem Name': 'Swelling Blessing II', 'Ingredients': ['Gemstone', 'Mild Camill Powder', 'Imperial Taos Egg', 'Powdered Wheat', 'Ether Cylinder']}, {'Gem Name': 'Swelling Blessing III', 'Ingredients': ['Gemstone', 'Krammit Viscera', 'Arachno Queen Egg', 'Wisp Sun Bead', 'Citribell', 'Ether Cylinder']}, {'Gem Name': 'Swelling Blessing IV', 'Ingredients': ['Pure Gemstone', 'Powdered Skwaror Leaves', 'Flier Pollen', 'Krammit Viscera', 'Sundialflower', 'Ether Cylinder']}, {'Gem Name': 'Swelling Blessing V', 'Ingredients': ['Pure Gemstone', 'Shoox Earplate', 'Gulkin Shell Amulet', ""Quadwing's Indulgence"", 'Ten-Term Palm', 'Ether Cylinder']}, {'Gem Name': 'Swelling Blessing VI', 'Ingredients': ['Pure Gemstone', 'Perfumed Aries Hide', 'Fresh Armu Milk', 'Kevesi Dog Tag', 'Heavy Pomegranate', 'Ether Cylinder']}, {'Gem Name': 'Swelling Blessing VII', 'Ingredients': ['Ultra Pure Gemstone', 'Star-Shaped Droid Screw', 'Gastrates Ether Furnace', 'Decorative Grebel Quill', 'Gulkin Shell Amulet', 'Galaxy Swirl', 'Ether Cylinder']}, {'Gem Name': 'Swelling Blessing VIII', 'Ingredients': ['Ultra Pure Gemstone', 'Wisp Sun Bead', 'Shoox Earplate', 'Geometric Myoot Gear', 'Merigna Amulet', 'Buoyant Bauxite', 'Ether Cylinder']}, {'Gem Name': 'Swelling Blessing IX', 'Ingredients': ['Ultra Pure Gemstone', 'Gyrinus Halo', 'Eluca Tailtip', 'Blessed Pippito Light', 'Rainbow Darbus Crystal', 'Wyrdstone', 'Ether Cylinder']}, {'Gem Name': 'Swelling Blessing X', 'Ingredients': ['Ultra Pure Gemstone', 'Rainbow Darbus Crystal', 'Mild Camill Powder', 'Flier Pollen', 'Ornate Moglum Coral', 'Glistening Krodlax Scale', 'Ether Cylinder', '|}']}]",118896,https://xenoblade.fandom.com/wiki/?curid=118896
Swelling Scourge,"{'Effect': ""[Passive] Boosts power of debuffs applied to enemies ."", 'Category': 'Attacker', 'Max Combined': ""50%\n}}\n'''Swelling Scourge''' is an Attacker [[Gem]] in {{XC3}} and {{XC3FR""}","{'I': '25%', 'II': '27%', 'III': '30%', 'IV': '33%', 'V': '35%', 'VI': '37%', 'VII': '40%', 'VIII': '42%', 'IX': '45%', 'X': '50%'}","[{'Gem Name': 'Swelling Scourge  I', 'Ingredients': ['Gemstone', 'Well-Aged Camill Juices']}, {'Gem Name': 'Swelling Scourge II', 'Ingredients': ['Gemstone', 'Aspar Secretion', 'Flier Nectar Jelly', 'Redrum Seed', 'Ether Cylinder']}, {'Gem Name': 'Swelling Scourge III', 'Ingredients': ['Gemstone', 'Krabble Viscera', 'Krammit Viscera', 'Moramora Bezoar', 'Serenity Jet', 'Ether Cylinder']}, {'Gem Name': 'Swelling Scourge IV', 'Ingredients': ['Pure Gemstone', 'Soft-Shelled Aligo Egg', 'Aspar Eyeball', 'Refreshing Piranhax Meat', 'Condimenut', 'Ether Cylinder']}, {'Gem Name': 'Swelling Scourge V', 'Ingredients': ['Pure Gemstone', 'Merfrey Skull', 'Eluca Silk', 'Bunnit Meat', 'Ten-Term Palm', 'Ether Cylinder']}, {'Gem Name': 'Swelling Scourge VI', 'Ingredients': ['Pure Gemstone', 'Garaffa Tenderloin', 'Powdered Skwaror Leaves', 'Great Feris Horn Pair', 'Blue Sorghum', 'Ether Cylinder']}, {'Gem Name': 'Swelling Scourge VII', 'Ingredients': ['Ultra Pure Gemstone', 'Antol Queen Compound Eye', 'Electrified Vvarga Skull', 'Enlightened Rhana Eyeball', 'Eluca Silk', 'Death Mushroom', 'Ether Cylinder']}, {'Gem Name': 'Swelling Scourge VIII', 'Ingredients': ['Ultra Pure Gemstone', ""Quadwing's Indulgence"", 'Exploding Blant Seed', 'Ulula Generator', 'Flak Simple Eye', 'Obscurian', 'Ether Cylinder']}, {'Gem Name': 'Swelling Scourge IX', 'Ingredients': ['Ultra Pure Gemstone', 'Garaffa Electrical Organ', 'Moramora Bezoar', 'Drague Everflame', 'Electrified Vvarga Skull', 'Polar Pearl', 'Ether Cylinder']}, {'Gem Name': 'Swelling Scourge X', 'Ingredients': ['Ultra Pure Gemstone', 'Obsidian Kananus Mane', 'Caterpile Antenna', 'Grebel Carapace', 'Rare Urchon Egg', 'Springy Medooz Bell', 'Ether Cylinder', '|}']}]",118891,https://xenoblade.fandom.com/wiki/?curid=118891
Tailwind,"{'Effect': ""[Passive] Increases Agility ."", 'Category': 'Defender', 'Max Combined': ""35\n}}\n'''Tailwind''' is a Defender [[Gem]] in {{XC3}} and {{XC3FR""}","{'I': '10%', 'II': '12%', 'III': '15%', 'IV': '17%', 'V': '20%', 'VI': '22%', 'VII': '25%', 'VIII': '27%', 'IX': '30%', 'X': '35%'}","[{'Gem Name': 'Tailwind I', 'Ingredients': [' Gemstone', 'Pale Skeeter Wing']}, {'Gem Name': 'Tailwind II', 'Ingredients': ['Ether Cylinder']}, {'Gem Name': 'Tailwind III', 'Ingredients': [' Ether Cylinder']}, {'Gem Name': 'Tailwind IV', 'Ingredients': ['Pure Gemstone', 'Piercing Rhogul Quill', 'Slender Flamii Bone', 'Testudo Iron Wing', 'Mobility Thruster', 'Ether Cylinder']}, {'Gem Name': 'Tailwind V', 'Ingredients': ['Pure Gemstone', 'Lightweight Velites Base x 2', 'Small Speculatos Base x 2', 'Pale Skeeter Wing x 2', 'Ion Booster', 'Ether Cylinder x 2']}, {'Gem Name': 'Tailwind VI', 'Ingredients': ['Pure Gemstone', 'Vollgull Stormwind Wing x 2', 'Sagittarius Frame x 2', 'Equites Tank Wheel x 2', 'Anti-Grav Chassis', 'Ether Cylinder x 2 ']}, {'Gem Name': 'Tailwind VII', 'Ingredients': ['Ultra Pure Gemstone', 'Horrish Propeller x 2', 'Geometric Myoot Gear x 2', 'Testudo Iron Wing x 3', 'Small Speculatos Base x 3', 'Ring Guava', 'Ether Cylinder x 2']}, {'Gem Name': 'Tailwind VIII', 'Ingredients': ['Ultra Pure Gemstone x 2', 'Elegant Ansel Feather x 15', 'Vang Membrane x 15', 'Obsidian Kananus Mane x 15', 'Horrish Propeller x 15', 'Vagrant Jade x 10', 'Ether Cylinder x 3']}, {'Gem Name': 'Tailwind IX', 'Ingredients': ['Ultra Pure Gemstone x 3', 'Lightweight Velites Base x 20', 'Slender Flamii Bone x 20', 'Fine Ageshu Wing x 20', 'Powdered Skwaror Leaves x 20', 'Pentashroom x 10', 'Ether Cylinder x 3']}, {'Gem Name': 'Tailwind X', 'Ingredients': ['Ultra Pure Gemstone x 5', 'Shining Ellook Antler x 30', 'Golden Brog Oil x 30', 'Pale Skeeter Wing x 30', 'Antol Leg Chitin x 30', 'Fine Ageshu Wing x 30', 'Ether Cylinder x 3']}, {'Gem Name': 'Tailwind I', 'Ingredients': [' Gemstone', 'Flier Nectar Jelly']}, {'Gem Name': 'Tailwind II', 'Ingredients': [' Gemstone', 'Pale Skeeter Wing']}, {'Gem Name': 'Tailwind III', 'Ingredients': [' Pure Gemstone', 'Pale Skeeter Wing x 2', 'Refreshing Piranha x Meat']}, {'Gem Name': 'Tailwind IV', 'Ingredients': [' Pure Gemstone', 'Nutrient-Rich Vollgull Egg x 2', 'Vang Membrane x 2']}, {'Gem Name': 'Tailwind V', 'Ingredients': [' Ultra Pure Gemstone', 'Mineral Darbus Bone<br>Imperial Taos Egg x 2<br>Pale Skeeter Wing x 3']}]",118903,https://xenoblade.fandom.com/wiki/?curid=118903
Ultimate Counter,"{'Effect': ""[Passive] Deals Attack damage when you take damage."", 'Category': 'Defender', 'Max Combined': ""280%\n}}\n'''Ultimate Counter''' is a Defender [[Gem]] in {{XC3}} and {{XC3FR""}","{'I': '80%', 'II': '100%', 'III': '120%', 'IV': '140%', 'V': '160%', 'VI': '180%', 'VII': '200%', 'VIII': '220%', 'IX': '240%', 'X': '280%'}","[{'Gem Name': 'Ultimate Counter I', 'Ingredients': ['Gemstone', 'Ropl Rock Fragment']}, {'Gem Name': 'Ultimate Counter II', 'Ingredients': ['Gemstone', 'Ether Cylinder']}, {'Gem Name': 'Ultimate Counter III', 'Ingredients': ['Gemstone', 'Steel Urchon Scale', 'Great Feris Horn Pair', 'Arachno Thread', 'Fossil Monkey Fossil', 'Ether Cylinder']}, {'Gem Name': 'Ultimate Counter IV', 'Ingredients': [' Mille-Feuille Rock', 'Ether Cylinder']}, {'Gem Name': 'Ultimate Counter V', 'Ingredients': ['Pure Gemstone', 'Gastrates Gun Turret x 2', 'Sagittarius Machine Rifle x 2', 'Ropl Rock Fragment x 2', 'Bizarrenacle', 'Ether Cylinder x 2']}, {'Gem Name': 'Ultimate Counter VI', 'Ingredients': ['Pure Gemstone', 'Ardun Horns x 2', 'Shining Ellook Antler x 2', ""Kevesi Soldier's Armor x 2"", 'Giant Hornet Fossil', 'Ether Cylinder x 2']}, {'Gem Name': 'Ultimate Counter VII', 'Ingredients': ['Wraithwood', 'Ether Cylinder x 2']}, {'Gem Name': 'Ultimate Counter VIII', 'Ingredients': ['Ultra Pure Gemstone x 2', 'Ropl Jaw x 15', 'Brog Energy Booster x 15', 'Antol Leg Chitin x 15', 'Sharp Gyaark Tail x 15', 'Impact Rock x 10', 'Ether Cylinder x 3']}, {'Gem Name': 'Ultimate Counter IX', 'Ingredients': ['Ultra Pure Gemstone x 3', 'Black Iris x 10', 'Ether Cylinder x 3']}, {'Gem Name': 'Ultimate Counter X', 'Ingredients': [' Ultra Pure Gemstone x 5', 'Ageshu Needleclaw x 30', 'Steel Urchon Scale x 30', 'Armored Scorpo x Pincer x 30', 'Antol Jaws x 30', 'Flak Scrap Iron x 30', 'Ether Cylinder x 3']}, {'Gem Name': 'Ultimate Counter I', 'Ingredients': [' Gemstone', ""Quadwing's Indulgence""]}, {'Gem Name': 'Ultimate Counter II', 'Ingredients': [' Gemstone', 'Thick Rhinon Tail']}, {'Gem Name': 'Ultimate Counter III', 'Ingredients': [' Pure Gemstone', 'Thick Rhinon Tail x 2', 'Pale Skeeter Wing']}, {'Gem Name': 'Ultimate Counter IV', 'Ingredients': [' Pure Gemstone', 'Sagittarius Machine Rifle x 2', 'Thick Rhinon Tail x 2']}, {'Gem Name': 'Ultimate Counter V', 'Ingredients': [' Ultra Pure Gemstone', 'Nutrient-Rich Vollgull Egg<br>Scorpo x E x oskeleton x 2<br>Thick Rhinon Tail x 3']}]",118886,https://xenoblade.fandom.com/wiki/?curid=118886
Brimming Spirit,"{'Effect': ""[Passive] Boosts aggro generated when using Art ."", 'Category': 'Defender', 'Max Combined': ""45%\n}}\n'''Brimming Spirit''' is a Defender [[Gem]] in {{XC3}} and {{XC3FR""}","{'I': '20%', 'II': '22%', 'III': '25%', 'IV': '27%', 'V': '30%', 'VI': '32%', 'VII': '35%', 'VIII': '37%', 'IX': '40%', 'X': '45%'}","[{'Gem Name': 'Brimming Spirit I', 'Ingredients': ['Gemstone', 'Rainbow Crustip Shell']}, {'Gem Name': 'Brimming Spirit II', 'Ingredients': ['Gemstone', 'Supersonic Vang Organ', 'Fleshy Blant Petal', 'Anarchy Orchid', 'Ether Cylinder']}, {'Gem Name': 'Brimming Spirit III', 'Ingredients': ['Gemstone', 'Magnificent Upa Lure', 'Noble Feris Mane', 'Gold Arachno Queensilk', 'Munchygrub Fossil', 'Ether Cylinder']}, {'Gem Name': 'Brimming Spirit IV', 'Ingredients': ['Pure Gemstone', 'Round Skwaror Crystal', 'Marbled Quarmu Meat', 'Red Piranhax Egg', 'Shiny Rose', 'Ether Cylinder']}, {'Gem Name': 'Brimming Spirit V', 'Ingredients': ['Pure Gemstone', 'Shoox Flower Whisker', ""Agnian Soldier's Armor"", 'Elegant Ansel Feather', 'Jade Coral', 'Ether Cylinder']}, {'Gem Name': 'Brimming Spirit VI', 'Ingredients': ['Pure Gemstone', 'Noble Feris Mane', 'Vollgull Mask', 'Elegant Ansel Feather', 'Perfume Herb', 'Ether Cylinder']}, {'Gem Name': 'Brimming Spirit VII', 'Ingredients': ['Ultra Pure Gemstone', 'Ornate Moglum Coral', 'Glowing Gyaark Fin', 'Mineral Darbus Bone', 'Perfumed Aries Hide', 'Curse Branch', 'Ether Cylinder']}, {'Gem Name': 'Brimming Spirit VIII', 'Ingredients': ['Ultra Pure Gemstone', 'Rich Quarmu Sea Milk', 'Gold Arachno Queensilk', 'Glowing Gyaark Fin', 'Shoox Flower Whisker', 'Shimmer Leaf', 'Ether Cylinder']}, {'Gem Name': 'Brimming Spirit IX', 'Ingredients': ['Ultra Pure Gemstone', 'Avis Sphere', 'Rhogul Axe Crest', 'Gyrinus Halo', 'Wisp Sun Bead', 'Green Diode', 'Ether Cylinder']}, {'Gem Name': 'Brimming Spirit X', 'Ingredients': ['Ultra Pure Gemstone', 'Geometric Myoot Gear', 'Rainbow Crustip Shell', 'Sweet Kapiba Lard', 'Merigna Amulet', 'Arachno Queen Egg', 'Ether Cylinder', '|}']}]",118887,https://xenoblade.fandom.com/wiki/?curid=118887